danceability,energy,speechiness,acousticness,instrumentalness,valence,track_id,playlist_id
0.614,0.543,0.374,0.00776,3.28e-05,0.485,1AHfovSnGPVYKaahRtA0U6,4NvVpXZLIZ4z5yzTIqgLve
0.678,0.794,0.14,0.274,1.68e-06,0.54,7G3lxTsMfSx4yarMkfgnTC,4NvVpXZLIZ4z5yzTIqgLve
0.702,0.832,0.318,0.02,2.8e-06,0.619,6DPrhGVJ1WTZvM9fKptnGe,4NvVpXZLIZ4z5yzTIqgLve
0.801,0.908,0.221,0.00253,0.000655,0.805,3ssX20QT5c3nA9wk78V1LQ,4NvVpXZLIZ4z5yzTIqgLve
0.873,0.719,0.248,0.03,0.0,0.858,2xTft6GEZeTyWNpdX94rkf,4NvVpXZLIZ4z5yzTIqgLve
0.763,0.786,0.229,0.0146,0.0114,0.504,33ZXjLCpiINn8eQIDYEPTD,4NvVpXZLIZ4z5yzTIqgLve
0.813,0.703,0.268,0.125,1.26e-06,0.241,7N1Vjtzr1lmmCW9iasQ8YO,4NvVpXZLIZ4z5yzTIqgLve
0.875,0.658,0.359,0.275,0.0,0.661,1RjU7UhRICmdFPKxCucLgq,4NvVpXZLIZ4z5yzTIqgLve
0.782,0.597,0.335,0.0568,0.0,0.528,61VlApj8p2ZaP0WTunTrKT,4NvVpXZLIZ4z5yzTIqgLve
0.741,0.681,0.279,0.326,0.0,0.54,0SH9NjrlAWiXiKb4Zdf82R,4NvVpXZLIZ4z5yzTIqgLve
0.807,0.723,0.309,0.666,0.0,0.45,41yp9kKKxK6gMvMSaRyLnm,4NvVpXZLIZ4z5yzTIqgLve
0.922,0.573,0.277,0.131,0.0,0.66,2ujbOwvdiH020TO5EucGiX,4NvVpXZLIZ4z5yzTIqgLve
0.889,0.816,0.247,0.472,0.0,0.777,3xX9hoGEq1EuMGWZl8LQL1,4NvVpXZLIZ4z5yzTIqgLve
0.466,0.652,0.451,0.221,0.000487,0.494,5zEsT4MYVJjza6jv4P9UCU,4NvVpXZLIZ4z5yzTIqgLve
0.711,0.62,0.212,0.0175,0.0,0.805,6JI5wNWYdBw68GZjOMmgK5,4NvVpXZLIZ4z5yzTIqgLve
0.773,0.63,0.432,0.142,1.92e-06,0.677,2TE1FOBGJ0h7xxIFUjppmd,4NvVpXZLIZ4z5yzTIqgLve
0.838,0.486,0.326,0.0407,0.0,0.831,4AKRYDror3CkKVc7QscUng,4NvVpXZLIZ4z5yzTIqgLve
0.484,0.94,0.345,0.0238,0.0,0.459,3Wn26Ar9ekw7bgutqHeJoB,4NvVpXZLIZ4z5yzTIqgLve
0.844,0.459,0.364,0.418,0.00816,0.394,5LZ4d69L4TK8hVyh2q7YEJ,4NvVpXZLIZ4z5yzTIqgLve
0.718,0.79,0.35,0.088,0.0,0.891,1TgR3dcwd4dMXORUU4GTxD,4NvVpXZLIZ4z5yzTIqgLve
0.661,0.905,0.166,0.0919,0.0,0.425,22EbvbXnPwpF9lQtdJG61C,4NvVpXZLIZ4z5yzTIqgLve
0.67,0.884,0.235,0.112,0.0,0.643,4IGCJDDDEImKxhA19zxEAf,4NvVpXZLIZ4z5yzTIqgLve
0.879,0.564,0.247,0.0474,9.43e-06,0.523,5PQmSHzWnlgG4EBuIqjac2,4NvVpXZLIZ4z5yzTIqgLve
0.645,0.77,0.109,0.382,0.0,0.862,6giQ3XGlFtRNZghVo5NhhI,4NvVpXZLIZ4z5yzTIqgLve
0.753,0.592,0.316,0.0305,0.0,0.592,2FHegLBE9mgPc22xjEJSrz,4NvVpXZLIZ4z5yzTIqgLve
0.818,0.611,0.376,0.244,0.0,0.83,2eFYHNOcwEsDa4z1bca6W5,4NvVpXZLIZ4z5yzTIqgLve
0.733,0.841,0.306,0.123,0.0,0.733,1IDTYpJ9s2IYdMj5xKVqww,4NvVpXZLIZ4z5yzTIqgLve
0.701,0.673,0.321,0.42,0.0,0.818,3fSiyPmx9gfPj7LoiFK4AO,4NvVpXZLIZ4z5yzTIqgLve
0.6,0.706,0.361,0.209,0.0,0.58,4IYKjN1DrYzxKXt0umJqsG,4NvVpXZLIZ4z5yzTIqgLve
0.825,0.578,0.348,0.208,0.00829,0.709,6TTP1ZA9yGsPxEh3tssyQ0,4NvVpXZLIZ4z5yzTIqgLve
0.713,0.668,0.298,0.293,4.03e-06,0.832,2hTqZyXjM09nDYhX5srMpi,4NvVpXZLIZ4z5yzTIqgLve
0.678,0.83,0.3,0.0713,0.0,0.884,6OE9S6XF0U1lNfeaUNSjYl,4NvVpXZLIZ4z5yzTIqgLve
0.771,0.812,0.322,0.194,0.0,0.666,25ZnLelhEKRwcsP7ycTEgb,4NvVpXZLIZ4z5yzTIqgLve
0.816,0.594,0.306,0.107,0.0,0.852,4XifYC1TlOvfjzEZBTnBG1,4NvVpXZLIZ4z5yzTIqgLve
0.48,0.573,0.385,0.0545,2.05e-06,0.756,7FyuOzN1V1Whhyh46tPiWZ,4NvVpXZLIZ4z5yzTIqgLve
0.457,0.594,0.268,0.113,0.0,0.913,7voZQZ7kTffkLj6Mun4PJ7,4NvVpXZLIZ4z5yzTIqgLve
0.672,0.919,0.326,0.0136,6.62e-05,0.834,6peawBI7JmRynDydPqRk6v,4NvVpXZLIZ4z5yzTIqgLve
0.622,0.592,0.335,0.0535,0.0,0.89,1Zonfgke599Z9UMCVK6peB,4NvVpXZLIZ4z5yzTIqgLve
0.755,0.824,0.196,0.624,0.0,0.593,3S44Z7MhQ3TKIQA1Iz5jJc,4NvVpXZLIZ4z5yzTIqgLve
0.78,0.738,0.335,0.23,0.0,0.838,1Mo74KiCcZbBZq7liClDjo,4NvVpXZLIZ4z5yzTIqgLve
0.745,0.838,0.0914,0.0155,0.0,0.676,3ZakoFH7r0K9PZssJfe7hz,4NvVpXZLIZ4z5yzTIqgLve
0.607,0.854,0.43,0.0146,0.0,0.779,1k9wDbLFz8yg0o2lRtFV7H,4NvVpXZLIZ4z5yzTIqgLve
0.689,0.653,0.177,0.0338,0.0,0.4,5rDb1GUnqHZ7QM54lmoTOp,4NvVpXZLIZ4z5yzTIqgLve
0.928,0.455,0.0723,0.42,4.68e-05,0.733,4oxOGrHTfkfFIlJVvlcfpq,4NvVpXZLIZ4z5yzTIqgLve
0.548,0.829,0.285,0.339,0.0,0.452,5jNrszQHRIVKmS9Ptb63pe,4NvVpXZLIZ4z5yzTIqgLve
0.6,0.716,0.409,0.0204,1.8e-06,0.678,03aza8ha2oaHLgB4hvdsyo,4NvVpXZLIZ4z5yzTIqgLve
0.838,0.722,0.257,0.0133,0.0,0.468,1gIa5W0AhvgfKgCu2RNR8C,4NvVpXZLIZ4z5yzTIqgLve
0.735,0.481,0.37,0.11,0.0,0.687,3M2z1oFj0nefPClNfsuR4G,4NvVpXZLIZ4z5yzTIqgLve
0.688,0.731,0.186,0.037,0.0,0.395,2UtMTtPZFHUrFoyUapcTHa,4NvVpXZLIZ4z5yzTIqgLve
0.686,0.978,0.272,0.323,8.47e-05,0.451,3l2IMlPaDNMyRDMZPeROJV,4NvVpXZLIZ4z5yzTIqgLve
0.846,0.824,0.178,0.524,2.04e-06,0.882,1dlD3NDEvVrkqvhjHVOsdg,4NvVpXZLIZ4z5yzTIqgLve
0.875,0.527,0.187,0.104,0.0,0.281,4S4w9cBe2mH9dODjhGQmZF,4NvVpXZLIZ4z5yzTIqgLve
0.48,0.863,0.321,0.0509,0.0,0.257,64rAX8x9bDnFXn09weheMv,4NvVpXZLIZ4z5yzTIqgLve
0.693,0.797,0.363,0.11,0.0,0.524,7moqx837SQTcftFWuuk4ES,4NvVpXZLIZ4z5yzTIqgLve
0.715,0.468,0.147,0.0994,0.0,0.673,3Ch2BcNf0MyuBnifUBS4aS,4NvVpXZLIZ4z5yzTIqgLve
0.451,0.731,0.206,0.00353,0.0,0.805,1i0T57EX9pO1sxD5KJisel,4NvVpXZLIZ4z5yzTIqgLve
0.603,0.869,0.324,0.0802,0.0,0.812,671ibiKFcabvyU7dfUiHra,4NvVpXZLIZ4z5yzTIqgLve
0.611,0.791,0.279,0.182,0.0,0.937,3JBIl8N0A36m0zXB431RQQ,4NvVpXZLIZ4z5yzTIqgLve
0.439,0.828,0.406,0.161,0.000101,0.718,54l2MUa2uFO5SImvnC0CZP,4NvVpXZLIZ4z5yzTIqgLve
0.443,0.859,0.279,0.0313,0.0,0.504,4cRi6l4Qppp0P3ELWbaDi3,4NvVpXZLIZ4z5yzTIqgLve
0.735,0.867,0.352,0.0207,1.73e-06,0.79,4iyABGMl11IGQtuC22basc,4NvVpXZLIZ4z5yzTIqgLve
0.617,0.909,0.332,0.282,0.0,0.799,4PSWlNatjksGTY2rge9BuB,4NvVpXZLIZ4z5yzTIqgLve
0.643,0.844,0.311,0.206,0.0,0.561,2129eAnCSBJQeS5qclTCo3,4NvVpXZLIZ4z5yzTIqgLve
0.731,0.904,0.194,0.0335,0.000942,0.533,5mq1c1X8DPN3TklD2psdQg,4NvVpXZLIZ4z5yzTIqgLve
0.686,0.756,0.34,0.109,0.0,0.698,0XJ8AbFhOT9A15SAsBnlEm,4NvVpXZLIZ4z5yzTIqgLve
0.715,0.841,0.28,0.0574,0.0,0.84,7kYzKbCpE5kxxGujaJF7iK,4NvVpXZLIZ4z5yzTIqgLve
0.584,0.821,0.0705,0.117,3.1e-06,0.422,4yGHBbRDvGzlOtaEGe7T2D,4NvVpXZLIZ4z5yzTIqgLve
0.699,0.623,0.305,0.091,3.49e-05,0.713,3AfXub7VYFmHRnTuiHO0yU,4NvVpXZLIZ4z5yzTIqgLve
0.578,0.816,0.293,0.547,0.0,0.646,4VLFkGUUhb2VYcwPcxRGld,4NvVpXZLIZ4z5yzTIqgLve
0.877,0.74,0.271,0.0253,2.77e-06,0.754,30oTS7bm0aH3p7lqjEIu8q,4NvVpXZLIZ4z5yzTIqgLve
0.664,0.782,0.256,0.365,0.0,0.643,3ID1X1metf2o9UUBBZUI0b,4NvVpXZLIZ4z5yzTIqgLve
0.779,0.742,0.0412,0.151,0.00174,0.358,2y1EJOmGEgpUISuXmW8KOU,4NvVpXZLIZ4z5yzTIqgLve
0.775,0.583,0.256,0.358,0.0,0.698,2ky1zLODMPkEF6F9U1gxDu,4NvVpXZLIZ4z5yzTIqgLve
0.869,0.641,0.295,0.0614,0.0,0.675,7DUfRslsShR89XL0L5wFrb,4NvVpXZLIZ4z5yzTIqgLve
0.575,0.609,0.19,0.0839,8.46e-05,0.392,45f8NLNAthLQqji8lRVuOV,4NvVpXZLIZ4z5yzTIqgLve
0.587,0.653,0.358,0.256,0.0,0.117,3iwt15Ynm0cYicIGQ9hAr0,4NvVpXZLIZ4z5yzTIqgLve
0.714,0.659,0.307,0.688,7.86e-06,0.671,2av09FAN9J7IgxCQ6od4SF,4NvVpXZLIZ4z5yzTIqgLve
0.798,0.535,0.0575,0.244,0.0,0.448,2Sl9MfvZenYCe3VGpsJyaU,4NvVpXZLIZ4z5yzTIqgLve
0.587,0.698,0.0943,0.0152,0.0,0.0985,5h5tBFnbcVioFXiOixTn6E,4NvVpXZLIZ4z5yzTIqgLve
0.716,0.531,0.122,0.0703,0.0,0.344,0UtnpKaReKUg2GquaSxCyD,4NvVpXZLIZ4z5yzTIqgLve
0.826,0.571,0.064,0.0239,7.38e-06,0.666,311fWdp7RrvN4Fuz7sv6Ea,4NvVpXZLIZ4z5yzTIqgLve
0.451,0.831,0.307,0.0623,0.0,0.41,0PKJxo97zXT8oAwl2zFnPh,4NvVpXZLIZ4z5yzTIqgLve
0.629,0.457,0.329,0.00542,0.000411,0.167,5IU7KdAPXR3OjcRCAVt0oQ,4NvVpXZLIZ4z5yzTIqgLve
0.483,0.662,0.541,0.136,0.0,0.664,2b8L0IhNoIE5AOi5b6x5SS,4NvVpXZLIZ4z5yzTIqgLve
0.487,0.729,0.271,0.0538,4.07e-06,0.217,0nfQguNoAfKFjsQHr6qnxc,4NvVpXZLIZ4z5yzTIqgLve
0.802,0.867,0.378,0.135,4.33e-06,0.635,0iF0cIPoYBKDBLvDHMQY9g,4NvVpXZLIZ4z5yzTIqgLve
0.403,0.742,0.338,0.0498,0.0,0.717,3a18OXXahgIhzzmKw9e7Kx,4NvVpXZLIZ4z5yzTIqgLve
0.782,0.735,0.302,0.236,0.0,0.77,22A7fEEDKylnuU1RiJs59a,4NvVpXZLIZ4z5yzTIqgLve
0.867,0.817,0.168,0.12,3.63e-05,0.641,4eMaumx1FLBJf1Mfyl2CEX,4NvVpXZLIZ4z5yzTIqgLve
0.504,0.856,0.172,0.0989,0.0,0.859,0UyAiS4kOnVfRgsOBih8oz,4NvVpXZLIZ4z5yzTIqgLve
0.859,0.703,0.266,0.177,0.0,0.557,59PfUuCjzj7KwQxGIndkvv,4NvVpXZLIZ4z5yzTIqgLve
0.75,0.756,0.175,0.000387,0.0587,0.424,66rHzKOw9JPXJIAfbWat6w,4NvVpXZLIZ4z5yzTIqgLve
0.753,0.749,0.316,0.0285,0.0,0.832,32W1K50AaXGXoRBn3Zyax4,4NvVpXZLIZ4z5yzTIqgLve
0.917,0.484,0.368,0.0115,0.0,0.841,6oMH2YBQ4dyPx8CaSRvqt7,4NvVpXZLIZ4z5yzTIqgLve
0.637,0.603,0.364,0.0246,0.0,0.675,2Wrisf5A274cxLFa1u3fmI,4NvVpXZLIZ4z5yzTIqgLve
0.492,0.716,0.321,0.00828,0.0,0.878,2eK3hXbKG2uhn9XNsgTHqM,4NvVpXZLIZ4z5yzTIqgLve
0.843,0.435,0.178,0.47,0.0,0.19,6GnhWMhgJb7uyiiPEiEkDA,4NvVpXZLIZ4z5yzTIqgLve
0.636,0.901,0.118,0.119,0.0,0.836,3uulVrxiI7iLTjOBZsaiF8,4NvVpXZLIZ4z5yzTIqgLve
0.649,0.822,0.0398,0.00258,3.83e-05,0.201,5aQmsZCESbhasWW5VARdS8,4NvVpXZLIZ4z5yzTIqgLve
0.793,0.552,0.313,0.00806,0.0,0.31,2uCMts8MLE3GktieyAIeXu,4NvVpXZLIZ4z5yzTIqgLve
0.804,0.823,0.256,0.0812,0.0,0.719,0Y1wsOHYGbNNNGeYjQJ8BL,4NvVpXZLIZ4z5yzTIqgLve
0.789,0.449,0.395,0.0624,0.0,0.301,1tJRS17TxD5bwdTk8ehP93,4NvVpXZLIZ4z5yzTIqgLve
0.666,0.84,0.327,0.489,0.0,0.697,1345xOev1kyaeqRdeTxiLi,4NvVpXZLIZ4z5yzTIqgLve
0.508,0.713,0.317,0.131,0.0,0.626,1hCRXb8UC8uUVqWWwLthwW,4NvVpXZLIZ4z5yzTIqgLve
0.534,0.94,0.333,0.419,0.0,0.635,0h52x9IP819zgyBSUg2liC,4NvVpXZLIZ4z5yzTIqgLve
0.637,0.91,0.358,0.194,0.0,0.627,2BBey4srsGygUWLszNgT4c,4NvVpXZLIZ4z5yzTIqgLve
0.525,0.943,0.363,0.168,0.0,0.653,2YUXuJYDVX9x9I2Pd7ZVjX,4NvVpXZLIZ4z5yzTIqgLve
0.756,0.855,0.0669,0.136,0.00028,0.811,1iUoWD9qE93GyoT80O5IKt,4NvVpXZLIZ4z5yzTIqgLve
0.781,0.589,0.21,0.148,0.0,0.864,2OsGdZYDdTK4pxDMsK0Blv,4NvVpXZLIZ4z5yzTIqgLve
0.449,0.638,0.334,0.597,0.0,0.655,0qIuovp55BJg9tSmS2ZtFK,4NvVpXZLIZ4z5yzTIqgLve
0.587,0.585,0.448,0.0665,0.000542,0.626,2hhyD4WUKJp670ScUzZazu,4NvVpXZLIZ4z5yzTIqgLve
0.708,0.691,0.231,0.101,0.0,0.69,5hKhgLNVFgzo6x8bEMhhJQ,4NvVpXZLIZ4z5yzTIqgLve
0.803,0.737,0.258,0.323,0.0,0.484,6iGSLWmAj6E4GGnSzLxBJf,4NvVpXZLIZ4z5yzTIqgLve
0.809,0.467,0.444,0.26,0.0,0.78,7nk7oS0G6qG3ofHUAKbg9F,4NvVpXZLIZ4z5yzTIqgLve
0.366,0.756,0.101,0.154,0.0,0.45,18gs5fSx6QiuYdXnJGmejM,4NvVpXZLIZ4z5yzTIqgLve
0.839,0.74,0.261,0.0125,0.0,0.48,1r3pYoiXXMTPJr8GOVl2c8,4NvVpXZLIZ4z5yzTIqgLve
0.746,0.736,0.227,0.0101,5.56e-06,0.808,20ccLIFUpfzgX5kSbDakH4,4NvVpXZLIZ4z5yzTIqgLve
0.814,0.681,0.133,0.0457,0.0147,0.523,6BrexiFxPmKrX1WRbFX8sK,4NvVpXZLIZ4z5yzTIqgLve
0.928,0.882,0.245,0.402,2.16e-06,0.691,7htuNpZWosnto4wXMkKYZk,4NvVpXZLIZ4z5yzTIqgLve
0.641,0.521,0.479,0.535,0.0,0.554,6Qsl3MRFH9rWqAVC3CBN6i,4NvVpXZLIZ4z5yzTIqgLve
0.779,0.703,0.0738,0.0581,0.00142,0.705,53Kkoxv2hI5Vyp4PvadIOP,4NvVpXZLIZ4z5yzTIqgLve
0.919,0.657,0.0907,0.00293,0.0,0.659,5pBvNeOAJ54zgd5lEOmM3b,4NvVpXZLIZ4z5yzTIqgLve
0.551,0.851,0.197,0.0748,0.0,0.1,6yr8GiTHWvFfi4o6Q5ebdT,4NvVpXZLIZ4z5yzTIqgLve
0.947,0.655,0.0609,0.0331,0.0,0.787,1MYlx4dBtiyjn7K8YSyfzT,4NvVpXZLIZ4z5yzTIqgLve
0.449,0.892,0.225,0.0044,0.0,0.416,29Key5Lj0YlIMH8JzRDy6U,4NvVpXZLIZ4z5yzTIqgLve
0.698,0.774,0.229,0.261,0.000591,0.518,5veIeQ8tk07IlIp34NeI8s,4NvVpXZLIZ4z5yzTIqgLve
0.847,0.694,0.255,0.0078,2.1e-06,0.498,35vIVrpZFdEtreA0vCaRqv,4NvVpXZLIZ4z5yzTIqgLve
0.51,0.495,0.163,0.0253,0.00136,0.116,1PqrY62OuXiSmeiqYQEE3o,4NvVpXZLIZ4z5yzTIqgLve
0.601,0.86,0.0419,0.217,0.0064,0.741,2ay1447r5ceIDovoIYDnCN,4NvVpXZLIZ4z5yzTIqgLve
0.801,0.691,0.0491,0.05,6.49e-06,0.134,3pLyXvLtqWXA6Xzeq9PoCX,4NvVpXZLIZ4z5yzTIqgLve
0.805,0.812,0.177,0.0381,2.46e-06,0.342,5L0mMY1B4YKkaxdiNgVLoT,4NvVpXZLIZ4z5yzTIqgLve
0.814,0.585,0.337,0.0148,0.0,0.376,1cXQnGrKdXvx6LzBua3xGd,4NvVpXZLIZ4z5yzTIqgLve
0.645,0.624,0.325,0.333,0.0,0.333,1M1GaIPnB1KVLMGx5afM4K,4NvVpXZLIZ4z5yzTIqgLve
0.641,0.861,0.0494,0.129,0.000207,0.587,0HHvRJqPIoaCe934zxaM73,4NvVpXZLIZ4z5yzTIqgLve
0.743,0.787,0.348,0.403,0.0,0.71,6IY2y3kjjLaNbxW4GLiYQR,4NvVpXZLIZ4z5yzTIqgLve
0.794,0.494,0.199,0.514,0.0,0.53,4A5JwTktOqMtayAVVmrDzE,4NvVpXZLIZ4z5yzTIqgLve
0.801,0.578,0.181,0.0103,0.811,0.499,0cfqYhY6B8PbGF9vaVNUeG,4NvVpXZLIZ4z5yzTIqgLve
0.788,0.859,0.315,0.127,0.0,0.769,4Li2WHPkuyCdtmokzW2007,4NvVpXZLIZ4z5yzTIqgLve
0.742,0.549,0.103,0.0519,0.0,0.093,1m9OHohGwd3lWOMTZGZSJM,4NvVpXZLIZ4z5yzTIqgLve
0.686,0.623,0.13,0.00287,0.00145,0.176,6X92l986jasw5nvGsblwk0,4NvVpXZLIZ4z5yzTIqgLve
0.413,0.928,0.321,0.106,0.0,0.469,1fG3GhVjjllIurQSNKiQgx,4NvVpXZLIZ4z5yzTIqgLve
0.61,0.76,0.378,0.0306,0.0,0.352,2DxmjucrEJZGF0gy9QoEMV,4NvVpXZLIZ4z5yzTIqgLve
0.676,0.878,0.303,0.342,0.0,0.595,4yXb7Ok5ZXPmsZZ1drRznz,4NvVpXZLIZ4z5yzTIqgLve
0.711,0.857,0.235,0.168,0.0,0.641,0zcVQZ8FPCPyLazgnPX7Jq,4NvVpXZLIZ4z5yzTIqgLve
0.75,0.912,0.251,0.136,0.0,0.626,4cs9i4MrW3eMyyGfJZXLx6,4NvVpXZLIZ4z5yzTIqgLve
0.759,0.782,0.0741,0.000589,0.0,0.507,5jHilrZDaP1vJMZfdN1He3,4NvVpXZLIZ4z5yzTIqgLve
0.925,0.737,0.0777,0.092,0.0,0.603,0Zh5U48tZNeAzzLTV1CVBE,4NvVpXZLIZ4z5yzTIqgLve
0.814,0.779,0.235,0.175,0.000671,0.544,6ltPEsP4edATzvinHOzvk2,4NvVpXZLIZ4z5yzTIqgLve
0.685,0.621,0.361,0.433,0.0,0.538,1Ysc1uDZtf430TGavoS1j4,4NvVpXZLIZ4z5yzTIqgLve
0.692,0.833,0.0492,0.000136,1.98e-05,0.692,5XhkV07Vou38wnrzwURUOC,4NvVpXZLIZ4z5yzTIqgLve
0.774,0.634,0.167,0.0199,2.98e-05,0.752,4EOpol0K5u620R2OLfoJ1B,4NvVpXZLIZ4z5yzTIqgLve
0.848,0.854,0.0845,0.47,2.29e-06,0.876,2wD3LhUzTSWBJjL52TFrc7,4NvVpXZLIZ4z5yzTIqgLve
0.767,0.881,0.109,0.191,8.29e-06,0.939,2g9E9UyZ3pdJ1eqUQW0tfQ,4NvVpXZLIZ4z5yzTIqgLve
0.865,0.884,0.138,0.121,2.31e-06,0.788,4zUpQQmFfMknZ0rjS9EK1N,4NvVpXZLIZ4z5yzTIqgLve
0.799,0.693,0.284,0.0063,0.0,0.707,35VUTs0LoeWGp69L0jyHOZ,4NvVpXZLIZ4z5yzTIqgLve
0.549,0.853,0.188,0.0285,0.000296,0.346,0WKYRFtH6KKbaNWjsxqm70,4NvVpXZLIZ4z5yzTIqgLve
0.769,0.788,0.159,0.00259,0.0174,0.485,4dCmc79i7eqbLeoi9dgslj,4NvVpXZLIZ4z5yzTIqgLve
0.843,0.805,0.269,0.142,0.0,0.615,0I3q5fE6wg7LIfHGngUTnV,4NvVpXZLIZ4z5yzTIqgLve
0.863,0.584,0.257,0.0214,3.76e-06,0.786,5qAkID2yviiozIXo9l8vKr,4NvVpXZLIZ4z5yzTIqgLve
0.782,0.819,0.251,0.252,0.0,0.725,2Dts49OexROL2KvCK2sokf,4NvVpXZLIZ4z5yzTIqgLve
0.878,0.57,0.414,0.279,0.0,0.739,5t6bYzld1vAXUEs9GAA149,4NvVpXZLIZ4z5yzTIqgLve
0.832,0.657,0.218,0.052,0.0,0.389,5jjAUXUCyOP6Ra0whgpwf4,4NvVpXZLIZ4z5yzTIqgLve
0.695,0.827,0.282,0.179,0.0,0.538,4fVqQKbROkz8Z9FFJS7vls,4NvVpXZLIZ4z5yzTIqgLve
0.77,0.858,0.125,0.0111,0.0,0.754,6mqmYfy7i8rBqgs3e2J0d4,4NvVpXZLIZ4z5yzTIqgLve
0.604,0.737,0.292,0.277,0.0,0.683,3gAvYSeYWyBMqGuLmrZs23,4NvVpXZLIZ4z5yzTIqgLve
0.634,0.845,0.352,0.00602,5.29e-06,0.929,3gY6tiCNsuVi6s8kPV6aQg,4NvVpXZLIZ4z5yzTIqgLve
0.556,0.662,0.14,0.108,0.0,0.523,5GoRPJsRWmrd4ll2qPbXuV,4NvVpXZLIZ4z5yzTIqgLve
0.791,0.638,0.246,0.153,3.98e-06,0.393,0W79y7M0f7qbaIpYCJ6wWO,4NvVpXZLIZ4z5yzTIqgLve
0.861,0.638,0.323,0.0516,0.00224,0.765,3dSGqXMll4UJUohLANG0ce,4NvVpXZLIZ4z5yzTIqgLve
0.758,0.519,0.0395,0.117,0.0742,0.617,3jFTsobEff1Cz8DlIAisYY,4NvVpXZLIZ4z5yzTIqgLve
0.637,0.862,0.191,0.293,0.0,0.573,01xhMrdCefADl7HSttJaf7,4NvVpXZLIZ4z5yzTIqgLve
0.849,0.521,0.216,0.306,1.65e-06,0.763,68pWLkspLFIfIPPtzyTkQy,4NvVpXZLIZ4z5yzTIqgLve
0.71,0.905,0.324,0.0391,0.00093,0.817,7CMAwm7mEkZkkaBl82DicE,4NvVpXZLIZ4z5yzTIqgLve
0.782,0.789,0.478,0.138,0.00401,0.536,6lVM5MWbQuukUFfslPyHKT,4NvVpXZLIZ4z5yzTIqgLve
0.911,0.686,0.0626,0.0266,0.0,0.641,2tS9xMPn1Gtr6Y523rCuT6,4NvVpXZLIZ4z5yzTIqgLve
0.797,0.852,0.172,0.0432,3.97e-06,0.674,09EwNbGvUyu7BDEYG0cJro,4NvVpXZLIZ4z5yzTIqgLve
0.769,0.691,0.0563,0.00197,0.0,0.681,1BZm0t49YEhM8xbTINoQKp,4NvVpXZLIZ4z5yzTIqgLve
0.652,0.814,0.31,0.164,0.0,0.788,1dizvxctg9dHEyaYTFufVi,4NvVpXZLIZ4z5yzTIqgLve
0.803,0.627,0.443,0.286,0.0,0.638,3RFBeo5yY5GxOYoJvtwAoF,4NvVpXZLIZ4z5yzTIqgLve
0.863,0.771,0.19,0.00954,0.0,0.812,1YrHyDbH17btvI2rFTkbCQ,4NvVpXZLIZ4z5yzTIqgLve
0.842,0.689,0.234,0.0361,0.0,0.648,6dqE95KU5yVcqDkgEt3TIm,4NvVpXZLIZ4z5yzTIqgLve
0.826,0.726,0.261,0.0213,0.0698,0.398,38aGhG0KaU7m5K1OTH62aM,4NvVpXZLIZ4z5yzTIqgLve
0.934,0.562,0.24,0.0476,1.31e-06,0.712,0KbIwqCAHmXWu7hrszXY6j,4NvVpXZLIZ4z5yzTIqgLve
0.864,0.741,0.32,0.0695,0.0,0.859,7HytgSx48IPNpKBKl0k6Eb,4NvVpXZLIZ4z5yzTIqgLve
0.677,0.812,0.13,0.0018,1.93e-06,0.166,3C7RbG9Co0zjO7CsuEOqRa,4NvVpXZLIZ4z5yzTIqgLve
0.797,0.711,0.301,0.0381,0.0,0.712,1KARb8DGMQH4ShJw4bNg7c,4NvVpXZLIZ4z5yzTIqgLve
0.897,0.284,0.346,0.34,0.000503,0.434,2EbQzx4SPYv6Aup9mhP9U0,4NvVpXZLIZ4z5yzTIqgLve
0.74,0.775,0.353,0.0118,1.15e-05,0.728,3CjxjozKZM8CNuekiT0JdE,4NvVpXZLIZ4z5yzTIqgLve
0.631,0.94,0.312,0.0449,0.0,0.423,4TdERijTpnDRukcAQkbddo,4NvVpXZLIZ4z5yzTIqgLve
0.877,0.827,0.215,0.294,8.68e-06,0.732,4Uv115JhxMs0hiv52wAf0h,4NvVpXZLIZ4z5yzTIqgLve
0.802,0.785,0.207,0.14,0.0,0.435,60WcXjimfbhk6T0gj1Eufg,4NvVpXZLIZ4z5yzTIqgLve
0.78,0.768,0.238,0.0371,2.34e-06,0.507,2vM5723OlP36G8FcL3QQOn,4NvVpXZLIZ4z5yzTIqgLve
0.81,0.724,0.268,0.127,0.0,0.573,3IARjIeoQQGmY5bcfLlhrU,4NvVpXZLIZ4z5yzTIqgLve
0.516,0.874,0.186,0.0864,0.0,0.391,3LySNPf6PRGhOVWJdZutow,4NvVpXZLIZ4z5yzTIqgLve
0.672,0.636,0.423,0.102,0.0,0.58,6wyGelqeDlQevDWlNGy5Lv,4NvVpXZLIZ4z5yzTIqgLve
0.697,0.744,0.229,0.0958,0.0,0.504,2nzFiCB8YoXf24MAM1qDmU,4NvVpXZLIZ4z5yzTIqgLve
0.697,0.711,0.379,0.373,0.0,0.61,4DhGh3CU7dzZLRu2bIrrIq,4NvVpXZLIZ4z5yzTIqgLve
0.892,0.709,0.313,0.243,1.16e-06,0.902,6UeR9EXQ3JWOWiDX7ZnDhD,4NvVpXZLIZ4z5yzTIqgLve
0.727,0.74,0.153,0.012,0.0,0.221,6fGjvkhTXsV5II8ynoSSfG,4NvVpXZLIZ4z5yzTIqgLve
0.938,0.487,0.244,0.188,0.0,0.511,5QFJQXKRRKpEumd5BE8raa,4NvVpXZLIZ4z5yzTIqgLve
0.877,0.681,0.259,0.584,0.0,0.839,2YlvHjDb4Tyxl4A1IcDhAe,4NvVpXZLIZ4z5yzTIqgLve
0.862,0.804,0.234,0.119,0.0,0.767,4ESFr6EFK19L20Wfq5hHC2,4NvVpXZLIZ4z5yzTIqgLve
0.837,0.718,0.0989,0.119,1.1e-05,0.676,0wgI5xdpNlv7vSVQCTSBPU,4NvVpXZLIZ4z5yzTIqgLve
0.813,0.897,0.264,0.0157,0.00106,0.863,3AYFNoXF0xw5Shsg0lHvBn,4NvVpXZLIZ4z5yzTIqgLve
0.881,0.94,0.0852,0.147,0.0,0.768,0sMm9WiO3B001nZQm8Qexw,4NvVpXZLIZ4z5yzTIqgLve
0.801,0.592,0.239,0.13,0.0,0.516,70GYjAC4HrIrLR1QVlKUcr,4NvVpXZLIZ4z5yzTIqgLve
0.876,0.647,0.28,0.16,0.0,0.961,5VRxcsBgrwQj4naQHU2kM6,4NvVpXZLIZ4z5yzTIqgLve
0.827,0.81,0.223,0.57,1.28e-05,0.524,4ZAwgG8LRZCJ32ALrycqCr,4NvVpXZLIZ4z5yzTIqgLve
0.527,0.75,0.3,0.0514,0.0,0.16,44WG43lprS0ZO3zQEBBOEc,4NvVpXZLIZ4z5yzTIqgLve
0.918,0.586,0.133,0.0783,0.0,0.779,6YjKAkDYmlasMqYw73iB0w,4NvVpXZLIZ4z5yzTIqgLve
0.619,0.776,0.378,0.108,0.0,0.522,4UtqFgWCzESmaNfBd48TCn,4NvVpXZLIZ4z5yzTIqgLve
0.762,0.642,0.253,0.0941,0.00518,0.47,7g0RDJQ1UDXtMU3aCHTpWQ,4NvVpXZLIZ4z5yzTIqgLve
0.903,0.61,0.339,0.155,0.0,0.627,60uesDF4UyLUs61FgiDkdp,4NvVpXZLIZ4z5yzTIqgLve
0.848,0.822,0.322,0.0222,0.0,0.755,7yFrTQuYkkF0XqAKnqkdC0,4NvVpXZLIZ4z5yzTIqgLve
0.845,0.527,0.204,0.245,1.89e-06,0.67,1OChTe0OBYR1OQSFIdoWq9,4NvVpXZLIZ4z5yzTIqgLve
0.637,0.66,0.162,0.217,0.0,0.503,0xdYzkbBBfTevSyOJqWUSX,4NvVpXZLIZ4z5yzTIqgLve
0.929,0.735,0.145,0.0691,1.33e-06,0.875,1wOnpm7ZPI1chcMjKcT7zC,4NvVpXZLIZ4z5yzTIqgLve
0.594,0.877,0.308,0.0205,0.00371,0.16,14uaE0Tb2fGEw4nUtEPHuo,4NvVpXZLIZ4z5yzTIqgLve
0.868,0.646,0.288,0.303,0.0,0.67,6MdqqkQ8sSC0WB4i8PyRuQ,4NvVpXZLIZ4z5yzTIqgLve
0.859,0.539,0.307,0.0136,0.0,0.533,7J7uJ5sXv54PiXgh5B9dYX,4NvVpXZLIZ4z5yzTIqgLve
0.506,0.505,0.444,0.44,2.3e-05,0.0788,00t7QTffOR3SA3L1BvSQVq,4NvVpXZLIZ4z5yzTIqgLve
0.62,0.854,0.628,0.103,0.0,0.671,0ed6evAMZvewGh4UI9KkVU,4NvVpXZLIZ4z5yzTIqgLve
0.88,0.739,0.355,0.135,5.4e-05,0.662,5zKOcQXtlQN45tefGc5I1n,4NvVpXZLIZ4z5yzTIqgLve
0.752,0.489,0.137,0.11,3.57e-06,0.373,4xybr92r9x00MfLwQSvRDa,4NvVpXZLIZ4z5yzTIqgLve
0.93,0.571,0.355,0.0176,0.0,0.871,2RsXDjlhJd8sylorcY4r0o,4NvVpXZLIZ4z5yzTIqgLve
0.793,0.627,0.215,0.0239,0.0,0.846,4p9QiasqHfOkPnbc6sSxgl,4NvVpXZLIZ4z5yzTIqgLve
0.78,0.797,0.307,0.129,0.0,0.648,1MvH3FdvO17S2eQ4IeNRCo,4NvVpXZLIZ4z5yzTIqgLve
0.86,0.695,0.0939,0.00506,0.0,0.951,3e9KHYgTDIbVTez3IFZZl2,4NvVpXZLIZ4z5yzTIqgLve
0.572,0.79,0.461,0.438,0.0,0.416,6eSTuG07FIPpLkekbpYIsZ,4NvVpXZLIZ4z5yzTIqgLve
0.833,0.628,0.141,0.0949,1.6e-06,0.645,3NnUocBmP4PuEEe1eQkuwE,4NvVpXZLIZ4z5yzTIqgLve
0.867,0.559,0.355,0.0908,0.00257,0.591,3mHd7bWydKHCLjo2amNk0F,4NvVpXZLIZ4z5yzTIqgLve
0.547,0.63,0.493,0.0123,0.00233,0.555,2gABnPYOMsyxThmsOQ4uWK,4NvVpXZLIZ4z5yzTIqgLve
0.596,0.541,0.418,0.102,0.0,0.851,4CMT5jwbSk2IUjrHxuGwoo,4NvVpXZLIZ4z5yzTIqgLve
0.775,0.837,0.39,0.0383,0.0,0.807,4ykIW49ZO7UnmKbancsDIV,4NvVpXZLIZ4z5yzTIqgLve
0.624,0.372,0.402,0.102,0.0,0.228,75okzOwFuxSk7GQXYJKM0G,4NvVpXZLIZ4z5yzTIqgLve
0.937,0.697,0.199,0.0538,0.0,0.82,37TnoxURMwHQsJ0mhdDF0a,4NvVpXZLIZ4z5yzTIqgLve
0.883,0.624,0.378,0.0164,0.0,0.469,6VF1PIRF9hOw8hiVxAC6gM,4NvVpXZLIZ4z5yzTIqgLve
0.897,0.656,0.325,0.0177,0.0,0.672,4EL9A2U517lvHUuxbAXmBW,4NvVpXZLIZ4z5yzTIqgLve
0.852,0.741,0.135,0.0247,0.00106,0.534,2rwmKpWW6o6anOhvcyiJOw,4NvVpXZLIZ4z5yzTIqgLve
0.899,0.826,0.231,0.00338,0.0,0.71,4amr8nCKaDsRt68s7HQYyA,4NvVpXZLIZ4z5yzTIqgLve
0.786,0.722,0.347,0.379,0.0,0.799,4MaJSpQV1GGoBGP3en8DZC,4NvVpXZLIZ4z5yzTIqgLve
0.907,0.488,0.065,0.0986,0.0,0.754,2HIY39c8ZQrICHaR4qxRtS,4NvVpXZLIZ4z5yzTIqgLve
0.787,0.671,0.0906,0.00132,0.0,0.637,5ZPzHLzi0ohJbMAKkJ8APZ,4NvVpXZLIZ4z5yzTIqgLve
0.908,0.738,0.271,0.143,0.0,0.79,6F8PrqWaLDI3BeMLUWBLab,4NvVpXZLIZ4z5yzTIqgLve
0.609,0.799,0.24,0.33,0.0,0.582,2MYl0er3UZ1RlKwRb5LODh,4NvVpXZLIZ4z5yzTIqgLve
0.736,0.892,0.28,0.619,1.14e-06,0.597,2NxIp9jbmsnaIiAExWOEo0,4NvVpXZLIZ4z5yzTIqgLve
0.465,0.854,0.377,0.429,0.0,0.199,0bcCgRudYZ4kiOHZNZfqxU,4NvVpXZLIZ4z5yzTIqgLve
0.383,0.731,0.201,0.726,0.0,0.306,705u4LfXcTBuDOB8UCy0A7,4NvVpXZLIZ4z5yzTIqgLve
0.959,0.524,0.274,0.316,0.0,0.84,6jl01C724Mk68qlOQLco5I,4NvVpXZLIZ4z5yzTIqgLve
0.803,0.784,0.198,0.0012,0.000161,0.801,13XHuE00ElL5thSxkaEXxK,4NvVpXZLIZ4z5yzTIqgLve
0.828,0.686,0.218,0.273,0.0,0.617,2KFg8kjYy0rYjWsXGhEQHN,4NvVpXZLIZ4z5yzTIqgLve
0.901,0.513,0.305,0.0913,0.0,0.628,71qTrOPHOj1KDEy0IG2Zjg,4NvVpXZLIZ4z5yzTIqgLve
0.913,0.442,0.345,0.0373,0.0,0.361,7azG6CLuWpm0YHNTFG6WSa,4NvVpXZLIZ4z5yzTIqgLve
0.829,0.821,0.367,0.141,0.0,0.602,3Q9QGamJUf6y6DU0MJ8jBd,4NvVpXZLIZ4z5yzTIqgLve
0.862,0.674,0.246,0.0263,0.0,0.582,4HFUWx6MDdU8u2j3FOQ48V,4NvVpXZLIZ4z5yzTIqgLve
0.9,0.702,0.25,0.00766,1.61e-06,0.699,0j2lCrceEtq5fosGKIKMZm,4NvVpXZLIZ4z5yzTIqgLve
0.769,0.673,0.385,0.515,0.0,0.688,61fT12l0R16DiB9dd4zkfy,4NvVpXZLIZ4z5yzTIqgLve
0.891,0.695,0.259,0.135,1.98e-06,0.76,6wfXkZ0m07C2rdCIOIUHO8,4NvVpXZLIZ4z5yzTIqgLve
0.786,0.635,0.321,0.094,0.0,0.483,43CKG4Ag1kYOsNUCcHr7nI,4NvVpXZLIZ4z5yzTIqgLve
0.634,0.81,0.127,0.106,0.0,0.649,7sUsTXU3Cku9mm13ctNelG,4NvVpXZLIZ4z5yzTIqgLve
0.731,0.661,0.376,0.145,0.0,0.369,4r3ZKk0ShOoVrzrFnyjAWw,4NvVpXZLIZ4z5yzTIqgLve
0.892,0.455,0.292,0.0181,0.0,0.473,5KA6S4auXremQLoBIsKprz,4NvVpXZLIZ4z5yzTIqgLve
0.762,0.737,0.371,0.295,1.12e-06,0.521,7kgsCXovBYFMmb9eBMbWvn,4NvVpXZLIZ4z5yzTIqgLve
0.861,0.82,0.156,0.0234,0.0,0.584,7p0AojooC5haJZM3IFebMv,4NvVpXZLIZ4z5yzTIqgLve
0.791,0.758,0.284,0.158,0.0,0.723,0rFiiAYubbM3CBePcbZjN9,4NvVpXZLIZ4z5yzTIqgLve
0.921,0.519,0.202,0.207,6.97e-05,0.894,2HiFFtINHpn2yIJWMw9lYV,4NvVpXZLIZ4z5yzTIqgLve
0.634,0.748,0.219,0.000336,0.000191,0.941,19JUKimeLAspEwJ2SvH7Jk,4NvVpXZLIZ4z5yzTIqgLve
0.887,0.809,0.295,0.0136,0.0,0.631,5dPX5OzasrD7uCe1Nr66qP,4NvVpXZLIZ4z5yzTIqgLve
0.941,0.607,0.286,0.161,1.1e-06,0.608,5ROwFh7X9NgkAMS3kARJjK,4NvVpXZLIZ4z5yzTIqgLve
0.769,0.675,0.0724,0.000722,0.000149,0.803,6l4wMAXzI8RxIysQMYZY0w,4NvVpXZLIZ4z5yzTIqgLve
0.776,0.611,0.271,0.031,0.0,0.512,0qhl7BtMawSDEJ06bVIrL5,4NvVpXZLIZ4z5yzTIqgLve
0.831,0.826,0.179,0.0757,1.94e-06,0.763,6X6KrabbsRQCER77FtJGWo,4NvVpXZLIZ4z5yzTIqgLve
0.827,0.532,0.302,0.0219,2.91e-05,0.694,3ooAjhyOZ1xttGD0iq1GVO,4NvVpXZLIZ4z5yzTIqgLve
0.746,0.727,0.354,0.341,0.0,0.622,1sMUSRvDjJthmVvc8hmZpg,4NvVpXZLIZ4z5yzTIqgLve
0.728,0.801,0.297,0.322,0.0,0.794,2QF90lsqtbD4lpvZFYo6aX,4NvVpXZLIZ4z5yzTIqgLve
0.599,0.626,0.459,0.621,0.0,0.898,3y7NdJEfqq5xRnvJ5cvbIe,4NvVpXZLIZ4z5yzTIqgLve
0.556,0.681,0.264,0.17,0.0,0.621,4AxXjETKZtB72UlBsUFmlZ,4NvVpXZLIZ4z5yzTIqgLve
0.794,0.444,0.398,0.209,0.0,0.729,4zQDrXqUu1plKVXS57lGCu,4NvVpXZLIZ4z5yzTIqgLve
0.851,0.647,0.339,0.207,0.0,0.596,53duuSwaLOZuIrELvZXqLH,4NvVpXZLIZ4z5yzTIqgLve
0.598,0.577,0.126,0.45,0.0,0.115,1dKYPeLdWszEGqLrdhNKTf,4NvVpXZLIZ4z5yzTIqgLve
0.907,0.715,0.28,0.00562,2.18e-06,0.726,4L8XsZ97xMS503duxBtDXx,4NvVpXZLIZ4z5yzTIqgLve
0.462,0.944,0.315,0.312,0.000149,0.65,3ZBSXNYdTZVaBUQI3E2rF6,4NvVpXZLIZ4z5yzTIqgLve
0.605,0.602,0.398,0.177,0.0,0.829,2fxef3Rm1GnrcyGjvWP8oJ,4NvVpXZLIZ4z5yzTIqgLve
0.729,0.796,0.338,0.00793,0.0,0.394,1ZDAMZuWjzCSAU7Mc0058i,4NvVpXZLIZ4z5yzTIqgLve
0.866,0.63,0.172,0.0199,0.0,0.75,6Gik13pCV7FNysMG8p3EDj,4NvVpXZLIZ4z5yzTIqgLve
0.823,0.438,0.279,0.537,0.0,0.59,4Hq1q82uvzNxUYmgBOxPco,4NvVpXZLIZ4z5yzTIqgLve
0.687,0.836,0.352,0.0163,0.00107,0.388,5a0S3P4JeMAoeL79YNc2UJ,4NvVpXZLIZ4z5yzTIqgLve
0.67,0.672,0.0367,0.673,3.21e-06,0.156,3VZxb7O1bOxE9kcwnwx8bB,4NvVpXZLIZ4z5yzTIqgLve
0.803,0.757,0.0597,0.0175,0.0,0.623,5voKHxbIqgBU7fZMX8Lu0T,4NvVpXZLIZ4z5yzTIqgLve
0.586,0.717,0.197,0.472,0.00236,0.306,0QpYkajexWrB0P3TWvkHlm,4NvVpXZLIZ4z5yzTIqgLve
0.908,0.762,0.153,0.0658,0.0,0.869,5yMZU1xolje7E1xGmezcuj,4NvVpXZLIZ4z5yzTIqgLve
0.621,0.612,0.26,0.00274,0.0,0.144,5ZlKf4HlgrtzSGV1bowNla,4NvVpXZLIZ4z5yzTIqgLve
0.6,0.649,0.393,0.115,0.00019,0.877,3sxxHB1fj9tgsMUO0I8ieN,4NvVpXZLIZ4z5yzTIqgLve
0.794,0.745,0.351,0.113,0.0,0.741,1QpMNpzkMxchOeYOn9RbNJ,4NvVpXZLIZ4z5yzTIqgLve
0.704,0.873,0.144,0.121,5.12e-06,0.742,19FsxX4RthRMZGfXkImdCb,4NvVpXZLIZ4z5yzTIqgLve
0.736,0.721,0.412,0.123,0.0,0.556,6ULlKqfE82gMmXr7XEJVrE,4NvVpXZLIZ4z5yzTIqgLve
0.537,0.713,0.297,0.79,0.000311,0.447,6HiO116ZyYdTQPoIIHQxKs,4NvVpXZLIZ4z5yzTIqgLve
0.588,0.523,0.364,0.182,0.0485,0.366,1hiwaehB4jEYWJy4wwUdES,4NvVpXZLIZ4z5yzTIqgLve
0.839,0.691,0.227,0.446,3.24e-05,0.961,1SpRp9ozGMTlmkcTMqLWTB,4NvVpXZLIZ4z5yzTIqgLve
0.861,0.603,0.295,0.131,8.8e-06,0.606,79705EPc01VyUB2HAOyQhA,4NvVpXZLIZ4z5yzTIqgLve
0.674,0.483,0.368,0.385,5.9e-05,0.501,2qsdIPr4GuAYsigQMU1LyE,4NvVpXZLIZ4z5yzTIqgLve
0.829,0.589,0.202,0.0635,0.0,0.233,3e7Y6sfFlIdBMJhX7wpqVO,4NvVpXZLIZ4z5yzTIqgLve
0.924,0.543,0.0854,0.432,7.32e-05,0.104,7ksRhRXztNfSwm8W7uFq1f,4NvVpXZLIZ4z5yzTIqgLve
0.706,0.635,0.141,0.0498,0.000169,0.322,458KS6aAwRHFUPpkQ4JE1k,4NvVpXZLIZ4z5yzTIqgLve
0.893,0.758,0.228,0.0324,0.000128,0.593,3qpPFeuu0nZ65AfDBwSMQP,4NvVpXZLIZ4z5yzTIqgLve
0.897,0.606,0.178,0.0171,1.93e-05,0.588,5aFLEMNvORv8MXpd4lR0HQ,4NvVpXZLIZ4z5yzTIqgLve
0.893,0.576,0.357,0.0938,0.0,0.861,0mwrax1xOyazuksN2GtaPM,4NvVpXZLIZ4z5yzTIqgLve
0.837,0.604,0.0865,0.0109,8.21e-06,0.505,1uqMiLD3uoBepH4sf8OEuF,4NvVpXZLIZ4z5yzTIqgLve
0.753,0.697,0.197,0.0533,0.0,0.817,18p7JkjHTt8qmt1yB7OiEt,4NvVpXZLIZ4z5yzTIqgLve
0.731,0.621,0.267,0.112,0.0,0.807,7Hg766VQlua7SEpmvuJ8e2,4NvVpXZLIZ4z5yzTIqgLve
0.858,0.647,0.143,0.16,0.0,0.466,4Rz2oMtjx93aWs2g6JSHys,4NvVpXZLIZ4z5yzTIqgLve
0.609,0.655,0.507,0.105,0.0,0.316,4jURQLDdnZp6l3PsvxJaZk,4NvVpXZLIZ4z5yzTIqgLve
0.687,0.692,0.258,0.712,0.0,0.639,1m7NSANDofMtXcl8u6olyn,4NvVpXZLIZ4z5yzTIqgLve
0.396,0.549,0.291,0.321,0.0,0.373,3IH1yNwtgIqZkRVKJyqfzT,4NvVpXZLIZ4z5yzTIqgLve
0.793,0.675,0.236,0.0329,2.36e-05,0.237,0meylmtG6jOV9rtQ0xC87J,4NvVpXZLIZ4z5yzTIqgLve
0.863,0.805,0.187,0.081,2.76e-05,0.878,7KYu84qzxD1u02KW8F1YOo,4NvVpXZLIZ4z5yzTIqgLve
0.684,0.642,0.268,0.0575,0.00495,0.589,7kY7LlPTsbAL4yC6MvPSdv,4NvVpXZLIZ4z5yzTIqgLve
0.696,0.78,0.256,0.00157,1.14e-06,0.425,4Fj7MUubnDKNMklahesahz,4NvVpXZLIZ4z5yzTIqgLve
0.82,0.682,0.199,0.0588,0.0,0.815,6WeW17o9SeaQK3Hob6bOAm,4NvVpXZLIZ4z5yzTIqgLve
0.842,0.473,0.413,0.59,1.93e-05,0.65,0DJBgfyaAlT7T0i0YAuzrS,4NvVpXZLIZ4z5yzTIqgLve
0.804,0.583,0.4,0.0803,5.09e-05,0.944,7KcfvOvSzMxt8dhAtOP4TY,4NvVpXZLIZ4z5yzTIqgLve
0.813,0.412,0.205,0.561,0.00477,0.427,47euMdzPz6bdj7EKPy369S,4NvVpXZLIZ4z5yzTIqgLve
0.751,0.739,0.393,0.0551,0.0,0.481,3k2prwmmkzewQY8sYfxkG4,4NvVpXZLIZ4z5yzTIqgLve
0.624,0.803,0.218,0.0453,0.0,0.172,0BSPhsCKfwENstErymcD80,4NvVpXZLIZ4z5yzTIqgLve
0.912,0.531,0.217,0.261,0.0,0.861,69Nql8aqte8Q9WAGeQGnKi,4NvVpXZLIZ4z5yzTIqgLve
0.682,0.521,0.331,0.548,0.0,0.552,5M76ULrHhggAeWMPZoA5ok,4NvVpXZLIZ4z5yzTIqgLve
0.702,0.417,0.434,0.736,6.57e-06,0.605,5JocfrgrmW12ffEP9pwBYy,4NvVpXZLIZ4z5yzTIqgLve
0.766,0.652,0.283,0.208,3.74e-05,0.238,1srT8EuJMsl9iOOWp6KWGo,4NvVpXZLIZ4z5yzTIqgLve
0.721,0.644,0.494,0.272,0.000821,0.538,1hUaEp5LP6tQtoeX6cG6kp,4NvVpXZLIZ4z5yzTIqgLve
0.617,0.666,0.357,0.00261,5.66e-05,0.926,2vc0JtSPHbUnTP4SANXOsq,4NvVpXZLIZ4z5yzTIqgLve
0.839,0.754,0.351,0.204,0.0,0.751,13VgFdaXtnHo3HO4rfYZwa,4NvVpXZLIZ4z5yzTIqgLve
0.735,0.809,0.253,0.0218,0.0,0.821,0zMlhkpkF6Hnf1ZIVxbsgu,4NvVpXZLIZ4z5yzTIqgLve
0.564,0.475,0.451,0.243,5.77e-06,0.711,7hyjTVlOqkNysJP3sQ9qpm,4NvVpXZLIZ4z5yzTIqgLve
0.802,0.604,0.456,0.0659,0.0,0.732,3RomfDz65Oh6DawONDVXVp,4NvVpXZLIZ4z5yzTIqgLve
0.634,0.645,0.327,0.103,0.0,0.475,2GJf6PG3GmwwqwWVKIK5B0,4NvVpXZLIZ4z5yzTIqgLve
0.782,0.518,0.235,0.723,1.94e-06,0.576,2dDCl1EoI9cyvGPDXptvJH,4NvVpXZLIZ4z5yzTIqgLve
0.745,0.489,0.371,0.601,1.9e-06,0.618,7BJKNjXIfkuAivZXC60wrv,4NvVpXZLIZ4z5yzTIqgLve
0.939,0.551,0.291,0.0311,0.0,0.42,2jt2WxXMCD4zjACthkJQVE,4NvVpXZLIZ4z5yzTIqgLve
0.717,0.939,0.379,0.343,0.0,0.8,0ROAePFBwCIl0oGnMF5pb8,4NvVpXZLIZ4z5yzTIqgLve
0.724,0.841,0.309,0.0633,3.68e-05,0.476,3UQAKY0SUEonxneROvv4jy,4NvVpXZLIZ4z5yzTIqgLve
0.892,0.651,0.378,0.0989,0.0,0.599,1jo3TwNGCXfNdB5uba3ZVv,4NvVpXZLIZ4z5yzTIqgLve
0.876,0.786,0.306,0.0627,0.0,0.575,60SdxE8apGAxMiRrpbmLY0,4NvVpXZLIZ4z5yzTIqgLve
0.83,0.546,0.295,0.227,0.0,0.535,58QhkbaAkLFnn7JwAnAato,4NvVpXZLIZ4z5yzTIqgLve
0.749,0.794,0.064,0.0193,0.0,0.46,2SL6oP2YAEQbqsrkOzRGO4,4NvVpXZLIZ4z5yzTIqgLve
0.524,0.864,0.393,0.00823,0.00131,0.655,35ngDYO5CXM5bnidQqXajm,4NvVpXZLIZ4z5yzTIqgLve
0.725,0.737,0.324,0.000633,0.00417,0.219,2HoDr1yVksl19omOhc1zWy,4NvVpXZLIZ4z5yzTIqgLve
0.671,0.565,0.16,0.274,6.51e-05,0.561,30z4LVkScpeNhwHFIB8Ewa,4NvVpXZLIZ4z5yzTIqgLve
0.643,0.766,0.425,0.843,3.14e-06,0.54,3LHbk7L7mFQj0Wiv4dB9lR,4NvVpXZLIZ4z5yzTIqgLve
0.89,0.624,0.243,0.415,0.0,0.563,2nJNP7cOWnrAaFFcHDHElB,4NvVpXZLIZ4z5yzTIqgLve
0.66,0.628,0.167,0.00996,1.96e-05,0.318,7h4xKwEnqt9TRAAS3Mjnj2,4NvVpXZLIZ4z5yzTIqgLve
0.696,0.634,0.281,0.244,0.0,0.728,4g32MdRoqwGKQd3NXIRhpU,4NvVpXZLIZ4z5yzTIqgLve
0.71,0.61,0.0813,0.0593,0.00012,0.819,6WgxXdBZrtdQFGBcxQxpiv,4NvVpXZLIZ4z5yzTIqgLve
0.671,0.737,0.108,0.0338,0.00344,0.197,1rylJ0VXvhOzLGNm401iaI,4NvVpXZLIZ4z5yzTIqgLve
0.899,0.626,0.395,0.246,0.0,0.726,3psxjLPtLSm1nYmbDnGotu,4NvVpXZLIZ4z5yzTIqgLve
0.845,0.641,0.275,0.0391,2.4e-06,0.774,7KQvT4YuzcmyogWg7Gq4Z5,4NvVpXZLIZ4z5yzTIqgLve
0.751,0.599,0.336,0.0387,0.000236,0.353,0BI9BYPVtp65GqNkVCl6tS,4NvVpXZLIZ4z5yzTIqgLve
0.917,0.384,0.128,0.11,0.0,0.752,71A6V5dh5Y8ikhm6NGwZ7p,4NvVpXZLIZ4z5yzTIqgLve
0.81,0.618,0.146,0.661,3.93e-05,0.888,4bqTcIQAj0aqqyS5LzMVPx,4NvVpXZLIZ4z5yzTIqgLve
0.72,0.626,0.397,0.0607,0.0,0.182,5Lgqu1th1KqlG97OF2gWGe,4NvVpXZLIZ4z5yzTIqgLve
0.755,0.852,0.252,0.0815,0.0,0.909,0Yq8fLAiHrPZ2AI6xZIxec,4NvVpXZLIZ4z5yzTIqgLve
0.703,0.807,0.315,0.146,0.0,0.768,6VDz4m1vEGHDDqQojf1mpc,4NvVpXZLIZ4z5yzTIqgLve
0.794,0.773,0.166,0.00286,0.000272,0.553,4NrG279pDVphLmS1e2JVWp,4NvVpXZLIZ4z5yzTIqgLve
0.773,0.542,0.126,0.379,0.0,0.31,6tDxrq4FxEL2q15y37tXT9,4NvVpXZLIZ4z5yzTIqgLve
0.47,0.83,0.115,0.00474,0.0,0.587,2wzMOVWqLMBNx7wVvJ7tt0,4NvVpXZLIZ4z5yzTIqgLve
0.719,0.497,0.681,0.115,0.0,0.345,2UciqgwVDwro0fev3MFbxJ,4NvVpXZLIZ4z5yzTIqgLve
0.545,0.966,0.264,0.0162,0.0,0.626,3mOBNWyJtPmhwBoZnWf4zr,4NvVpXZLIZ4z5yzTIqgLve
0.626,0.735,0.395,0.0415,0.0,0.568,1Axml7qDCqnwJkLwkkz3QV,4NvVpXZLIZ4z5yzTIqgLve
0.81,0.832,0.349,0.239,0.0,0.654,6srfOLiGmjsHvedo1Unqhx,4NvVpXZLIZ4z5yzTIqgLve
0.82,0.702,0.238,0.0693,6.71e-06,0.775,1jYuCBufQzcNafGqry72np,4NvVpXZLIZ4z5yzTIqgLve
0.82,0.616,0.175,0.0104,0.0,0.397,16YNhxYVS9xxv0xFZn1Upd,4NvVpXZLIZ4z5yzTIqgLve
0.66,0.741,0.187,0.0508,0.0,0.379,4R7OmeCTDnFljXNXfp2BhS,4NvVpXZLIZ4z5yzTIqgLve
0.507,0.903,0.244,0.00707,0.0,0.48,4F9MhHC7R9NxegYA7Dki39,4NvVpXZLIZ4z5yzTIqgLve
0.93,0.603,0.332,0.229,0.0,0.846,0HpU3JrEnXkY3Q0FfXo7qY,4NvVpXZLIZ4z5yzTIqgLve
0.675,0.567,0.263,0.19,1.77e-06,0.658,5sWbwccBcyHsg5LEKWGZo9,4NvVpXZLIZ4z5yzTIqgLve
0.693,0.716,0.196,0.748,6.99e-06,0.655,2gMLeSLwBdO9r3PPkOjEeM,4NvVpXZLIZ4z5yzTIqgLve
0.932,0.588,0.227,0.0375,0.0,0.88,5NG79ydPWTAFWV2YCA6UjO,4NvVpXZLIZ4z5yzTIqgLve
0.7,0.402,0.278,0.0498,1.04e-06,0.499,2wxO3ZydJTZRi4Bbc02q7i,4NvVpXZLIZ4z5yzTIqgLve
0.563,0.742,0.225,0.0985,0.0,0.438,7xXHdgSjXfZGz2TSS6YPKP,4NvVpXZLIZ4z5yzTIqgLve
0.761,0.863,0.182,0.000341,0.00501,0.527,6oCOgA4dzcDdHFe2VspYID,4NvVpXZLIZ4z5yzTIqgLve
0.665,0.566,0.443,0.484,0.0,0.755,2Ja3UauMDeQnq4sI8a64Ys,4NvVpXZLIZ4z5yzTIqgLve
0.852,0.492,0.0672,0.782,0.0,0.886,6AsSlG08FtjAhkuGn8DvO3,1Rj92hyXm3WjpOJI8XgYtF
0.588,0.564,0.0655,0.758,0.269,0.758,5iyntk5PFsOvy5Cl4hLgD3,1Rj92hyXm3WjpOJI8XgYtF
0.708,0.441,0.0912,0.825,0.00582,0.84,43NCVOJ4GMuzbxQAcpPcXE,1Rj92hyXm3WjpOJI8XgYtF
0.72,0.278,0.0356,0.922,0.00172,0.657,6r4fYjLZQB7OuQyTm1Z4Bs,1Rj92hyXm3WjpOJI8XgYtF
0.614,0.4,0.0512,0.599,0.00499,0.729,0i1KkstzKrwFNvGeIphIuZ,1Rj92hyXm3WjpOJI8XgYtF
0.801,0.326,0.257,0.325,0.0,0.779,2SHWuWZ4Dg7TwRSP7U0B6t,1Rj92hyXm3WjpOJI8XgYtF
0.547,0.322,0.0894,0.578,4.53e-05,0.769,252y7cLUYBijSJo1Qd8Yap,1Rj92hyXm3WjpOJI8XgYtF
0.571,0.15,0.0444,0.908,0.0,0.155,4iQcMQVb6a92Uh5zF57irM,1Rj92hyXm3WjpOJI8XgYtF
0.635,0.257,0.0409,0.718,0.00132,0.374,16ZnFPy1U1nd69DHIAlsAB,1Rj92hyXm3WjpOJI8XgYtF
0.659,0.407,0.0397,0.376,0.486,0.593,2vPalVURlUvEwv4xsLGbEM,1Rj92hyXm3WjpOJI8XgYtF
0.796,0.457,0.0365,0.951,0.808,0.927,6m7dEWUIHYZUQLy4ot6RTC,1Rj92hyXm3WjpOJI8XgYtF
0.692,0.427,0.0489,0.929,5e-05,0.849,09OgKrWXBgAgRzBpfQyGqL,1Rj92hyXm3WjpOJI8XgYtF
0.626,0.119,0.119,0.829,0.00529,0.388,5W2EdsfAtOSHSgeMN6cLFn,1Rj92hyXm3WjpOJI8XgYtF
0.766,0.527,0.0305,0.13,0.0013,0.665,3FTf2Ax5d9LqiT4kJzjRV8,1Rj92hyXm3WjpOJI8XgYtF
0.363,0.49,0.175,0.873,0.00882,0.19,7oqr7iV5w5h9WM2w4WYhGo,1Rj92hyXm3WjpOJI8XgYtF
0.428,0.348,0.0395,0.898,0.486,0.374,1BmBeOA7Hx78tMi26WuWLS,1Rj92hyXm3WjpOJI8XgYtF
0.722,0.379,0.0346,0.641,0.247,0.366,3zKnOgQ4OyufkAugoUPYID,1Rj92hyXm3WjpOJI8XgYtF
0.714,0.334,0.0894,0.871,0.0,0.654,5DPeKc7cGIPbhzucVvjTqB,1Rj92hyXm3WjpOJI8XgYtF
0.611,0.428,0.0474,0.834,0.00517,0.389,6d9iYQG2JvTTEgcndW81lt,1Rj92hyXm3WjpOJI8XgYtF
0.501,0.5,0.099,0.64,0.0,0.566,4VAnH8GvCbMIkRQutFiokj,1Rj92hyXm3WjpOJI8XgYtF
0.774,0.4,0.0428,0.489,0.00129,0.322,4zXKbHN9FKRTIirYQdMRqI,1Rj92hyXm3WjpOJI8XgYtF
0.612,0.286,0.0359,0.778,0.018,0.566,1pZcUuU8LiSkWy5JB9HESO,1Rj92hyXm3WjpOJI8XgYtF
0.639,0.304,0.0289,0.69,0.051,0.407,1DmtSz8KMryWtwDm12MawH,1Rj92hyXm3WjpOJI8XgYtF
0.572,0.391,0.0511,0.795,0.000303,0.627,5mb8d1F1YpajcnnoHhQFNh,1Rj92hyXm3WjpOJI8XgYtF
0.732,0.276,0.0427,0.864,5.05e-06,0.668,3ePsmfhb7hduvnDadoNNyi,1Rj92hyXm3WjpOJI8XgYtF
0.791,0.344,0.0468,0.761,3.41e-06,0.472,4IJcZGJbZy0FQEC7oNnfVg,1Rj92hyXm3WjpOJI8XgYtF
0.683,0.431,0.0341,0.883,0.0161,0.723,23N8i7mAfbKfOWi0xD7v0f,1Rj92hyXm3WjpOJI8XgYtF
0.789,0.141,0.0366,0.486,0.0106,0.557,0HscTiDcU2346DJAtjJThS,1Rj92hyXm3WjpOJI8XgYtF
0.65,0.507,0.0292,0.898,0.0281,0.805,3MrZpuWijCWDsCPl6bqDqc,1Rj92hyXm3WjpOJI8XgYtF
0.657,0.625,0.035,0.811,0.864,0.65,3JZ3gQUayBTSDuEmWF20Tg,1Rj92hyXm3WjpOJI8XgYtF
0.588,0.418,0.0434,0.859,0.914,0.685,6bzB2JPrAjwSHwNwasbkzS,1Rj92hyXm3WjpOJI8XgYtF
0.515,0.378,0.0449,0.358,3.13e-06,0.502,1yAuci90ew0CRxN3sAK5mp,1Rj92hyXm3WjpOJI8XgYtF
0.65,0.567,0.0425,0.822,0.024,0.929,2kqO6O3ZDGouSs5u8GR8cG,1Rj92hyXm3WjpOJI8XgYtF
0.27,0.299,0.0482,0.8,0.00463,0.484,5cuYrVcC5krKnbLEdhTfMe,1Rj92hyXm3WjpOJI8XgYtF
0.813,0.192,0.0389,0.811,5.35e-05,0.601,5yM4vFmNrKfE1p95QKp243,1Rj92hyXm3WjpOJI8XgYtF
0.683,0.228,0.0376,0.939,0.829,0.388,4U9Gtq6W9DJYtowXD0LXPf,1Rj92hyXm3WjpOJI8XgYtF
0.584,0.146,0.0395,0.964,0.494,0.3,5PJAeodRGD475eH4dYkDYm,1Rj92hyXm3WjpOJI8XgYtF
0.476,0.286,0.0613,0.965,0.849,0.176,69Rn1flf5tkAvnzpa77McA,1Rj92hyXm3WjpOJI8XgYtF
0.513,0.193,0.0294,0.782,0.00201,0.205,0bCmZj7so1DBYbVg3Utjt8,1Rj92hyXm3WjpOJI8XgYtF
0.507,0.454,0.0388,0.885,0.000301,0.407,6vt8cluCROG3NWmediIeK8,1Rj92hyXm3WjpOJI8XgYtF
0.318,0.0809,0.0409,0.883,0.000592,0.278,5F5qNSktGo7Nx3WnMyOVS7,1Rj92hyXm3WjpOJI8XgYtF
0.588,0.392,0.0727,0.323,0.441,0.709,0b9ALLd6ZEhV8hmQTgK5ZL,1Rj92hyXm3WjpOJI8XgYtF
0.505,0.437,0.0495,0.512,0.142,0.582,4wOm2q0Ah1b3qaIv2ZvJx6,1Rj92hyXm3WjpOJI8XgYtF
0.686,0.426,0.177,0.842,0.0,0.462,60rNE4shAg6T4JB2HSZuJ6,1Rj92hyXm3WjpOJI8XgYtF
0.614,0.308,0.0273,0.736,1.97e-05,0.415,1WLTzgu4pulSMjGjinApyd,1Rj92hyXm3WjpOJI8XgYtF
0.454,0.375,0.0547,0.705,0.0,0.784,2P4dWEbi34AEPOCww4Lzzy,1Rj92hyXm3WjpOJI8XgYtF
0.645,0.304,0.0357,0.854,0.00106,0.379,14aCIVlJklmbmAJ4pd4Hr2,1Rj92hyXm3WjpOJI8XgYtF
0.718,0.208,0.0342,0.957,0.0288,0.415,3jnO5LNZnChHmvY2v5QWjp,1Rj92hyXm3WjpOJI8XgYtF
0.8,0.348,0.042,0.573,2.16e-06,0.773,6lYjvaztm8a0E4vkff2QKe,1Rj92hyXm3WjpOJI8XgYtF
0.609,0.24,0.0314,0.699,0.87,0.358,6L90RNtSBNQ8r9ANeaSqx9,1Rj92hyXm3WjpOJI8XgYtF
0.597,0.181,0.0403,0.889,0.0,0.276,76iprSmDLyA81PbcdxQ6yo,1Rj92hyXm3WjpOJI8XgYtF
0.564,0.197,0.0296,0.888,3.08e-06,0.194,27KxINrh2UtMCZI6rSwSty,1Rj92hyXm3WjpOJI8XgYtF
0.665,0.233,0.034,0.36,0.0,0.373,3UmvjYfNnH0KymxwiDYzzj,1Rj92hyXm3WjpOJI8XgYtF
0.664,0.207,0.204,0.791,0.000208,0.251,39fRgjHPjeBOuP8XcXlzeX,1Rj92hyXm3WjpOJI8XgYtF
0.629,0.349,0.0354,0.882,0.000954,0.656,3ON7liZlGmp0GyiO4IaSeX,1Rj92hyXm3WjpOJI8XgYtF
0.455,0.34,0.0711,0.823,0.0879,0.797,54B05cOuy6NpnZPx9KVfdh,1Rj92hyXm3WjpOJI8XgYtF
0.666,0.176,0.0795,0.932,0.00125,0.514,0AVj7gkAawYKTSYtbPxoIQ,1Rj92hyXm3WjpOJI8XgYtF
0.721,0.511,0.055,0.324,0.00118,0.523,2qtDEPNu3fUfJ9iA7pQyDC,1Rj92hyXm3WjpOJI8XgYtF
0.779,0.348,0.0568,0.737,0.0,0.686,2U4LZZBE5M9UeWbj6CBh7K,1Rj92hyXm3WjpOJI8XgYtF
0.488,0.13,0.0301,0.942,0.892,0.168,3oKaWS5Jtnv6cH8tvlLnAn,1Rj92hyXm3WjpOJI8XgYtF
0.875,0.416,0.0473,0.85,0.57,0.826,3tgD7z4e0ezeIFbZ9t8JAG,1Rj92hyXm3WjpOJI8XgYtF
0.673,0.412,0.0562,0.905,0.000514,0.84,2c4fhY1F4f3N6sjObA1JBh,1Rj92hyXm3WjpOJI8XgYtF
0.649,0.2,0.0307,0.893,0.873,0.382,57tHpeEPaWBhEmoEovsYaa,1Rj92hyXm3WjpOJI8XgYtF
0.338,0.318,0.0479,0.566,6.87e-05,0.519,2JJKC5NmYd9TCNhRCoerh8,1Rj92hyXm3WjpOJI8XgYtF
0.265,0.329,0.0355,0.692,0.00112,0.392,4D08fkpY4ec0U6Q2Mfx3id,1Rj92hyXm3WjpOJI8XgYtF
0.532,0.227,0.0292,0.564,0.00364,0.344,0YoSBUEe6bsMDO2oqOgt0Z,1Rj92hyXm3WjpOJI8XgYtF
0.337,0.279,0.0313,0.864,0.00271,0.415,1ObtHyWjWSQVKmCf22Enc8,1Rj92hyXm3WjpOJI8XgYtF
0.539,0.371,0.0319,0.651,0.0699,0.223,5YOlgCMsAFRsKv8pYXcgfl,1Rj92hyXm3WjpOJI8XgYtF
0.72,0.195,0.0454,0.964,0.00877,0.526,2UMlyFX3PijVW1ZV6izsC5,1Rj92hyXm3WjpOJI8XgYtF
0.439,0.442,0.099,0.534,0.00213,0.339,5Kk4e5uuZgbQrufe5qME1g,1Rj92hyXm3WjpOJI8XgYtF
0.56,0.686,0.0273,0.45,0.0448,0.562,5zHF72wtevO6Sbai7LTEjK,1Rj92hyXm3WjpOJI8XgYtF
0.591,0.111,0.0679,0.886,0.464,0.447,6hOXorsfbtCqWZ53bTsspU,1Rj92hyXm3WjpOJI8XgYtF
0.603,0.31,0.0525,0.865,0.00137,0.322,5xxJz9J4bVAda0b0k1G8tP,1Rj92hyXm3WjpOJI8XgYtF
0.655,0.235,0.033,0.799,0.0,0.391,11Yt7wUMu7byRs9Vymz4Dw,1Rj92hyXm3WjpOJI8XgYtF
0.621,0.189,0.0335,0.937,0.326,0.604,2IaKTWiEplVt7tsYazzxDf,1Rj92hyXm3WjpOJI8XgYtF
0.911,0.419,0.0399,0.854,0.234,0.761,5gwBUB1URPOGFo24odCMfs,1Rj92hyXm3WjpOJI8XgYtF
0.739,0.308,0.0358,0.655,0.00051,0.419,408lWIuA88Dn17mtsnPPm2,1Rj92hyXm3WjpOJI8XgYtF
0.666,0.499,0.136,0.488,0.205,0.649,44CN69DHAJtiFdieAoDaje,1Rj92hyXm3WjpOJI8XgYtF
0.91,0.267,0.0484,0.877,0.773,0.372,3gK7YbvlvwUlGg9qIWQUZh,1Rj92hyXm3WjpOJI8XgYtF
0.628,0.0836,0.0334,0.918,0.458,0.447,5U2MN81IrrusZ7IjUdfjST,1Rj92hyXm3WjpOJI8XgYtF
0.749,0.227,0.272,0.86,0.012,0.582,6ChLlzxx8MA8e8M8THNVUJ,1Rj92hyXm3WjpOJI8XgYtF
0.442,0.0651,0.031,0.923,8.91e-05,0.493,2I6UZsgDarTZQfYfVM8HhE,1Rj92hyXm3WjpOJI8XgYtF
0.616,0.214,0.0329,0.86,0.000164,0.447,0oMp06EjwhYFvDB33VCiW3,1Rj92hyXm3WjpOJI8XgYtF
0.552,0.412,0.0274,0.815,0.000304,0.693,1ILkJhWKAGxxvtMK9vr63j,1Rj92hyXm3WjpOJI8XgYtF
0.588,0.215,0.0961,0.805,0.00146,0.771,2a0fEWjAU2r0ieoFEaD1dC,1Rj92hyXm3WjpOJI8XgYtF
0.473,0.23,0.0332,0.905,0.00206,0.114,0lqc52ftWefnntFH4Ul2AN,1Rj92hyXm3WjpOJI8XgYtF
0.474,0.108,0.0383,0.856,4.31e-06,0.295,64leFpj58XpvqWFy1yVJ4X,1Rj92hyXm3WjpOJI8XgYtF
0.719,0.261,0.046,0.861,3.98e-05,0.282,4DLc63Y8A4Nj4YIohUJv9I,1Rj92hyXm3WjpOJI8XgYtF
0.647,0.175,0.0392,0.72,0.0656,0.754,2DjyE7FoErOf0v6jg0FxWC,1Rj92hyXm3WjpOJI8XgYtF
0.628,0.364,0.0643,0.778,0.0149,0.644,6VSutUwZQRRJ1EPuYXLxcw,1Rj92hyXm3WjpOJI8XgYtF
0.68,0.169,0.0353,0.96,0.000554,0.138,3X2ftfCn1a3EDugnYRptfH,1Rj92hyXm3WjpOJI8XgYtF
0.881,0.317,0.104,0.87,6.43e-05,0.642,3u0prNTxF6qqgjtNC8Pn0k,1Rj92hyXm3WjpOJI8XgYtF
0.433,0.564,0.0405,0.713,0.275,0.855,7IyaRftrvTRwBbddDUrn4f,1Rj92hyXm3WjpOJI8XgYtF
0.658,0.702,0.0411,0.282,0.00565,0.416,4SdloKbQ6OV3D7K4BGTHVZ,1Rj92hyXm3WjpOJI8XgYtF
0.484,0.192,0.0465,0.991,0.908,0.0559,1Re30B3AC2Ra8n4f2xsDW3,1Rj92hyXm3WjpOJI8XgYtF
0.803,0.233,0.1,0.879,0.00085,0.679,0eTVAiN3rptinIZiy0Pkf8,1Rj92hyXm3WjpOJI8XgYtF
0.624,0.238,0.0373,0.49,0.0,0.507,2OB4t3dyuKxtCQiiEnfsut,1Rj92hyXm3WjpOJI8XgYtF
0.571,0.352,0.0531,0.728,0.0,0.775,6ueOUrAzswQvL2rOZJ171n,1Rj92hyXm3WjpOJI8XgYtF
0.668,0.502,0.114,0.669,0.0,0.679,5Nc712oywvc3k9htjOEztt,1Rj92hyXm3WjpOJI8XgYtF
0.628,0.386,0.0388,0.544,0.457,0.386,03FYK4lMjDgJNUEl5P43uG,1Rj92hyXm3WjpOJI8XgYtF
0.426,0.122,0.0316,0.894,0.0964,0.472,1YEI60yKVmC4qeCXL5GMj2,1Rj92hyXm3WjpOJI8XgYtF
0.467,0.349,0.0365,0.47,0.0624,0.366,1YoUHymax9NFA0KwTD2Nsp,1Rj92hyXm3WjpOJI8XgYtF
0.702,0.299,0.0525,0.862,0.0,0.463,3aCDe0x7g5pEXnzwTYIWYU,1Rj92hyXm3WjpOJI8XgYtF
0.616,0.196,0.0553,0.851,0.0,0.303,3rUVcKmdmAjJEt0Zx7nSL5,1Rj92hyXm3WjpOJI8XgYtF
0.462,0.21,0.0403,0.878,0.84,0.293,2nCwn8cDSFf2RpqwJ6oHfM,1Rj92hyXm3WjpOJI8XgYtF
0.805,0.194,0.0542,0.866,0.00169,0.647,4CeAy1zX5Aapk2rWCetKhu,1Rj92hyXm3WjpOJI8XgYtF
0.635,0.32,0.0381,0.917,0.939,0.815,1MrCG9iV6hnfPL5M54kqCO,1Rj92hyXm3WjpOJI8XgYtF
0.324,0.171,0.0351,0.959,0.888,0.231,1Q9kNHJaIk835JpzAmWz07,1Rj92hyXm3WjpOJI8XgYtF
0.59,0.646,0.0327,0.823,0.0037,0.492,0T9FkgeD739r81L1qyewp7,1Rj92hyXm3WjpOJI8XgYtF
0.545,0.404,0.0311,0.314,0.602,0.706,5W4d96lwwW15dYbvLaavhN,1Rj92hyXm3WjpOJI8XgYtF
0.847,0.0495,0.0565,0.958,0.917,0.472,0qTbrvVqfnioE9XNI9KiWP,1Rj92hyXm3WjpOJI8XgYtF
0.724,0.405,0.0368,0.771,0.94,0.861,5pwdtnTVfYaAMO0AGWhcvo,1Rj92hyXm3WjpOJI8XgYtF
0.626,0.786,0.0315,0.478,0.166,0.774,1PdupeEk5D3aPOEbIo7e66,1Rj92hyXm3WjpOJI8XgYtF
0.663,0.551,0.0327,0.476,0.00239,0.731,4nQqcVwcoddaEVjLnMJz8w,1Rj92hyXm3WjpOJI8XgYtF
0.647,0.324,0.0384,0.771,0.000173,0.389,6N5LrtIP4qRWIDeghQWmMv,1Rj92hyXm3WjpOJI8XgYtF
0.706,0.285,0.112,0.648,6.16e-06,0.559,2zaShyd7AGjH8qk7AGvSr5,1Rj92hyXm3WjpOJI8XgYtF
0.751,0.289,0.0952,0.781,8.16e-06,0.557,0XKR1b7y5NKJ1HqOccHvNv,1Rj92hyXm3WjpOJI8XgYtF
0.683,0.0652,0.0414,0.897,0.000141,0.175,7mYlcPR7trjnCyqEXrQh18,1Rj92hyXm3WjpOJI8XgYtF
0.87,0.319,0.0447,0.867,0.175,0.523,0qIuaIdzwAkZb5m2YAMY8C,1Rj92hyXm3WjpOJI8XgYtF
0.851,0.401,0.0609,0.914,0.229,0.774,2jAoRLNUgGh1ZXmMShTdXp,1Rj92hyXm3WjpOJI8XgYtF
0.837,0.45,0.044,0.702,0.0,0.247,57eFlC00b65CKigy85VwJ0,1Rj92hyXm3WjpOJI8XgYtF
0.735,0.725,0.0331,0.137,0.0,0.526,3hQt7ybNhTTJk1vAzxVYkW,1Rj92hyXm3WjpOJI8XgYtF
0.629,0.404,0.0736,0.693,0.0,0.527,0K4sxJf1SSnoGPmEWjGDnA,1Rj92hyXm3WjpOJI8XgYtF
0.71,0.351,0.0554,0.484,0.003,0.497,67QLaxzYklfiiM0BcBZ6qa,1Rj92hyXm3WjpOJI8XgYtF
0.632,0.625,0.0348,0.767,1.05e-05,0.606,3P6htszQLIk8r8ypWEp0lb,1Rj92hyXm3WjpOJI8XgYtF
0.664,0.351,0.0378,0.828,0.0712,0.802,1a6WWeuqyJFk5GPQru1R83,1Rj92hyXm3WjpOJI8XgYtF
0.625,0.526,0.0358,0.37,0.000116,0.416,2rSwB6LguOZ7Eg5NiaYyOD,1Rj92hyXm3WjpOJI8XgYtF
0.715,0.308,0.0584,0.794,0.00363,0.704,4KBwpO9OecNj9EnzShClkn,1Rj92hyXm3WjpOJI8XgYtF
0.633,0.246,0.0327,0.652,0.00119,0.377,3xMOcuAxY7h1pnmYKRjBpU,1Rj92hyXm3WjpOJI8XgYtF
0.608,0.269,0.149,0.823,0.00028,0.84,1Rk020Pzd6UT4a9aEqi4EM,1Rj92hyXm3WjpOJI8XgYtF
0.589,0.389,0.0933,0.743,2.27e-05,0.858,4Yxn8DrNcC874Ddv7Cibsk,1Rj92hyXm3WjpOJI8XgYtF
0.629,0.333,0.0358,0.874,0.863,0.516,4X2Tjj0MqatwWIZChec6NU,1Rj92hyXm3WjpOJI8XgYtF
0.799,0.306,0.0378,0.839,0.0142,0.276,4Qw9NyyIYkgGzcmRnrZPrT,1Rj92hyXm3WjpOJI8XgYtF
0.663,0.179,0.0439,0.787,0.152,0.396,5wILoqydB2oea8fQFWVGOG,1Rj92hyXm3WjpOJI8XgYtF
0.611,0.167,0.082,0.964,0.00997,0.672,394aiCHDEzQc5jgx4X90zD,1Rj92hyXm3WjpOJI8XgYtF
0.512,0.316,0.144,0.873,8.68e-06,0.355,7xForrtRX502c5ZGSjyaiX,1Rj92hyXm3WjpOJI8XgYtF
0.435,0.27,0.0308,0.592,0.00115,0.125,0cXAcOnYSKyM6TLy4pdtti,1Rj92hyXm3WjpOJI8XgYtF
0.696,0.37,0.0617,0.81,0.0103,0.709,4AFfQ364cwnycNBxXL8RA0,1Rj92hyXm3WjpOJI8XgYtF
0.633,0.429,0.0729,0.238,2.38e-06,0.622,6rAH7LYZyxS026YWxYOqvA,1Rj92hyXm3WjpOJI8XgYtF
0.527,0.558,0.032,0.678,1.37e-05,0.393,7bUG83VazqfG2G7b8L4CUS,1Rj92hyXm3WjpOJI8XgYtF
0.502,0.348,0.0361,0.687,0.859,0.68,3218vQ3moEiDnVwBUapCgC,1Rj92hyXm3WjpOJI8XgYtF
0.833,0.288,0.044,0.75,0.938,0.506,4A7vkfL0VIoPzcJbLbvmfD,1Rj92hyXm3WjpOJI8XgYtF
0.927,0.117,0.0772,0.956,0.916,0.852,0rfBtBZ9dSSqQlmRUaL6tN,1Rj92hyXm3WjpOJI8XgYtF
0.591,0.274,0.0821,0.882,1.15e-05,0.464,5NWxFc2xocyRyx0sak1H9Z,1Rj92hyXm3WjpOJI8XgYtF
0.67,0.618,0.0372,0.685,0.851,0.828,2Zhwy8tAmEsCezzeRS2kpG,1Rj92hyXm3WjpOJI8XgYtF
0.743,0.451,0.0391,0.65,9.53e-06,0.577,68oBOzoK8C40FDl0pKK5G3,1Rj92hyXm3WjpOJI8XgYtF
0.332,0.25,0.0325,0.863,3.44e-06,0.181,4kwe3LTQcqIkUAsJunafOF,1Rj92hyXm3WjpOJI8XgYtF
0.569,0.397,0.0465,0.709,0.00454,0.528,6ahtseat5fNASoEUcPi0d6,1Rj92hyXm3WjpOJI8XgYtF
0.798,0.295,0.0603,0.748,0.0,0.695,2RIOP1GdiuXeZD1DIyi4v0,1Rj92hyXm3WjpOJI8XgYtF
0.786,0.338,0.234,0.542,0.00987,0.56,6DH3tZeaV2AZuaCJcdidRd,1Rj92hyXm3WjpOJI8XgYtF
0.723,0.175,0.0693,0.641,0.0,0.669,4sDNIB16zW52Ql0XKg52Bu,1Rj92hyXm3WjpOJI8XgYtF
0.742,0.492,0.0377,0.421,0.463,0.671,2K9pZMX96NXf19MhJCtca0,1Rj92hyXm3WjpOJI8XgYtF
0.421,0.211,0.0373,0.96,0.797,0.634,6pydgTcEg2YPEd2HN4GqG7,1Rj92hyXm3WjpOJI8XgYtF
0.702,0.32,0.0607,0.681,4.18e-05,0.162,6mW4mrJtGsUNWXtO0rzg2i,1Rj92hyXm3WjpOJI8XgYtF
0.476,0.259,0.05,0.872,0.0253,0.53,2lDfHBLOAJMwwgCwCBlmQl,1Rj92hyXm3WjpOJI8XgYtF
0.593,0.31,0.0344,0.898,0.00555,0.531,58aPWEzZwi7iEptm6l7Nz5,1Rj92hyXm3WjpOJI8XgYtF
0.66,0.495,0.061,0.442,0.102,0.396,6ihbTijFhhzflZaLiBr3rA,1Rj92hyXm3WjpOJI8XgYtF
0.861,0.463,0.0458,0.681,1.22e-05,0.71,3V923DkMArGWuzcRo5OwNh,1Rj92hyXm3WjpOJI8XgYtF
0.685,0.467,0.0402,0.509,0.0,0.884,1aOPwMA5mhR9B4mV424XUf,1Rj92hyXm3WjpOJI8XgYtF
0.541,0.29,0.0609,0.813,0.0,0.463,3KIbuGHblUcFMLw7z6ctqJ,1Rj92hyXm3WjpOJI8XgYtF
0.778,0.201,0.0529,0.844,0.0,0.574,4wEJ58E3TUCbg6i2rPUHIQ,1Rj92hyXm3WjpOJI8XgYtF
0.61,0.306,0.0428,0.695,2.7e-06,0.654,2y8SFERKx24riyOpa2QII7,1Rj92hyXm3WjpOJI8XgYtF
0.617,0.523,0.0545,0.857,2.19e-05,0.482,3gmagi9hvEPRngqM2NQpo9,1Rj92hyXm3WjpOJI8XgYtF
0.718,0.322,0.032,0.81,0.0,0.481,32oZkZGscdLV0eKefW3G7D,1Rj92hyXm3WjpOJI8XgYtF
0.771,0.458,0.0327,0.694,0.000137,0.707,3Dj6svVga5HcCeQ77Mfu1f,1Rj92hyXm3WjpOJI8XgYtF
0.52,0.409,0.0408,0.403,9.56e-05,0.491,0mtFT8nXM7rRhXg5Qj7cbX,1Rj92hyXm3WjpOJI8XgYtF
0.397,0.319,0.0445,0.441,0.00255,0.548,6RhonpiPM8K2PCK9Ii3sk3,1Rj92hyXm3WjpOJI8XgYtF
0.377,0.475,0.0285,0.859,0.43,0.289,7BzIfud429hasQ2kw50Jqb,1Rj92hyXm3WjpOJI8XgYtF
0.604,0.441,0.0462,0.382,4.93e-05,0.576,6LAIuS6A5qBqFP41FEQnsY,1Rj92hyXm3WjpOJI8XgYtF
0.517,0.311,0.247,0.92,5.57e-05,0.847,2zvsXHEmnvfJGBp4gqljH8,1Rj92hyXm3WjpOJI8XgYtF
0.719,0.453,0.111,0.833,0.000115,0.851,4mcpFAgfKAveRmuNmEL6bA,1Rj92hyXm3WjpOJI8XgYtF
0.862,0.264,0.0406,0.703,0.223,0.576,4aIZgRj2fVchpU3HnBQWx6,1Rj92hyXm3WjpOJI8XgYtF
0.801,0.373,0.0673,0.793,0.578,0.704,0UOKYamx2rZB4HYjedYFxn,1Rj92hyXm3WjpOJI8XgYtF
0.752,0.244,0.0373,0.931,0.663,0.725,5a88hgpJBT2SeNg4OIzC2P,1Rj92hyXm3WjpOJI8XgYtF
0.59,0.303,0.0321,0.913,0.37,0.431,0hqnGx3GfM8QunzuOzpnwe,1Rj92hyXm3WjpOJI8XgYtF
0.519,0.225,0.0527,0.685,0.188,0.791,0pRi7bGGYJQeVvRX9UA2Ru,1Rj92hyXm3WjpOJI8XgYtF
0.582,0.275,0.0565,0.774,0.296,0.433,4YkhVPQlTTWhPnLullwRzP,1Rj92hyXm3WjpOJI8XgYtF
0.876,0.23,0.0872,0.735,0.0,0.393,2OrpPqKYT5qj7X9lGTIipS,1Rj92hyXm3WjpOJI8XgYtF
0.411,0.174,0.0315,0.844,0.0145,0.162,7unsDj1BtTJMsRvkXMCktQ,1Rj92hyXm3WjpOJI8XgYtF
0.334,0.267,0.0332,0.732,0.139,0.244,6IJhRXNNR3ePrAvA7GGHLl,1Rj92hyXm3WjpOJI8XgYtF
0.4,0.354,0.0347,0.513,0.274,0.589,6QFVTlxVXqfRV457E70Bg0,1Rj92hyXm3WjpOJI8XgYtF
0.334,0.341,0.0339,0.634,0.0768,0.379,18LBztTwe6VBCga3G5Sl16,1Rj92hyXm3WjpOJI8XgYtF
0.614,0.229,0.0318,0.863,0.882,0.421,1Eo5Zbbxr5wX27wVHTi2OR,1Rj92hyXm3WjpOJI8XgYtF
0.711,0.205,0.0341,0.901,1.94e-05,0.477,1hZLe2lbaniZGh7deKAAaR,1Rj92hyXm3WjpOJI8XgYtF
0.382,0.355,0.0557,0.869,4.31e-05,0.651,33UL7mkpocZH5L1eSSr7xf,1Rj92hyXm3WjpOJI8XgYtF
0.726,0.164,0.0383,0.86,0.768,0.394,0F0Pj1snq8zOP40LS0AXgM,1Rj92hyXm3WjpOJI8XgYtF
0.626,0.414,0.0541,0.843,0.145,0.356,2ql5VgkWBKk07v0N1DwqC8,1Rj92hyXm3WjpOJI8XgYtF
0.639,0.57,0.043,0.578,0.976,0.862,66umZeE6Sd7rDRDmfKE3Wl,1Rj92hyXm3WjpOJI8XgYtF
0.827,0.435,0.262,0.736,0.00143,0.844,47vnb4poaIOQqiqtrfSyD6,1Rj92hyXm3WjpOJI8XgYtF
0.775,0.341,0.071,0.932,0.606,0.771,1mDQrcfMrnEq6SsGY3WlqI,1Rj92hyXm3WjpOJI8XgYtF
0.561,0.332,0.0305,0.649,0.0154,0.257,0nmOWtacuS2JeKDr7NTyRL,1Rj92hyXm3WjpOJI8XgYtF
0.844,0.307,0.064,0.752,0.00222,0.668,49d3WDVs8JF7IoXB2Bzput,1Rj92hyXm3WjpOJI8XgYtF
0.883,0.45,0.0908,0.7,0.0407,0.775,0uziRA46wxFQvNRtArLcZ4,1Rj92hyXm3WjpOJI8XgYtF
0.638,0.4,0.0283,0.716,0.933,0.539,057u1xacsPdxoYQHXX289g,1Rj92hyXm3WjpOJI8XgYtF
0.517,0.458,0.0583,0.346,0.959,0.497,171HfygHQp0iDzIM4qixJH,1Rj92hyXm3WjpOJI8XgYtF
0.785,0.56,0.0311,0.755,0.856,0.739,1a698wW8kw6SBq8CWiWmln,1Rj92hyXm3WjpOJI8XgYtF
0.542,0.405,0.042,0.141,0.31,0.283,1yi77TrGsSLuR0rKY6TXsq,1Rj92hyXm3WjpOJI8XgYtF
0.682,0.329,0.0484,0.381,0.000836,0.365,5ZZeuwUY353sABocrj3OU0,1Rj92hyXm3WjpOJI8XgYtF
0.626,0.451,0.0346,0.788,5.56e-06,0.461,0GIRUl3YJAGBauaqe10oWm,1Rj92hyXm3WjpOJI8XgYtF
0.774,0.504,0.0333,0.893,0.931,0.628,2oBRHPwzajZDePdh12gBWG,1Rj92hyXm3WjpOJI8XgYtF
0.555,0.128,0.0323,0.951,0.0663,0.15,2BngYqklR4ccHcC39JKclQ,1Rj92hyXm3WjpOJI8XgYtF
0.666,0.245,0.0327,0.436,0.000404,0.43,43NLZLjM5QMSCDauHRbEjj,1Rj92hyXm3WjpOJI8XgYtF
0.624,0.191,0.0741,0.861,0.0176,0.527,4FUBhlzSOvtYs9oQGsUQCa,1Rj92hyXm3WjpOJI8XgYtF
0.559,0.234,0.0305,0.82,3.84e-06,0.263,4G8eEeCv5vin1gJWV2Y4Zg,1Rj92hyXm3WjpOJI8XgYtF
0.441,0.319,0.0365,0.932,0.000383,0.284,4wFIX5TaIwCJEUp1Hl6kOR,1Rj92hyXm3WjpOJI8XgYtF
0.546,0.171,0.0314,0.774,2.56e-06,0.422,4cd7YmVlciBRnq6PINZi1W,1Rj92hyXm3WjpOJI8XgYtF
0.423,0.209,0.0303,0.649,0.000393,0.311,2t5o5Co3nqDl3wbbLROOsK,1Rj92hyXm3WjpOJI8XgYtF
0.671,0.339,0.0295,0.605,0.00163,0.571,6qR0XN2gMJLXdh9N2kFZCD,1Rj92hyXm3WjpOJI8XgYtF
0.478,0.0438,0.0308,0.802,0.708,0.188,28d2nGdSQ8L2g4mKEPbINS,1Rj92hyXm3WjpOJI8XgYtF
0.869,0.438,0.0793,0.836,0.318,0.738,4y2Do4aV0vo1vOluzRDRV0,1Rj92hyXm3WjpOJI8XgYtF
0.722,0.295,0.04,0.962,0.833,0.283,0ntd9838CiImYikvMYUGV2,1Rj92hyXm3WjpOJI8XgYtF
0.657,0.554,0.0372,0.95,0.78,0.875,5j0hXkn334V85tByDmiFCu,1Rj92hyXm3WjpOJI8XgYtF
0.65,0.374,0.161,0.804,0.0193,0.131,7KzshVEvB4xzg4dtb8CxXx,1Rj92hyXm3WjpOJI8XgYtF
0.583,0.402,0.0317,0.898,1.36e-06,0.589,0eIW0BGY63JpCydq9j0oVL,1Rj92hyXm3WjpOJI8XgYtF
0.583,0.304,0.0306,0.964,0.579,0.328,3t2yQwWVAXlBmkKgR4Mhbu,1Rj92hyXm3WjpOJI8XgYtF
0.569,0.149,0.0387,0.685,4.32e-06,0.287,2dwer0jN78Cad9WMlDhz0o,1Rj92hyXm3WjpOJI8XgYtF
0.636,0.396,0.0343,0.699,0.0157,0.519,2fCEQIvWwKX96sLx5bhLqT,1Rj92hyXm3WjpOJI8XgYtF
0.604,0.328,0.0342,0.415,0.0,0.458,3RvM8rn3CPrrSSHwbscZFp,1Rj92hyXm3WjpOJI8XgYtF
0.727,0.322,0.0704,0.763,0.0,0.624,6UAOdfOdWSprSGvQAz5wDU,1Rj92hyXm3WjpOJI8XgYtF
0.609,0.365,0.0305,0.514,0.693,0.638,3wX8fBYuLWLLIZWnyLgYAh,1Rj92hyXm3WjpOJI8XgYtF
0.648,0.203,0.047,0.787,0.0,0.504,6KQ1aUssYHBuE39tCBfVeL,1Rj92hyXm3WjpOJI8XgYtF
0.666,0.268,0.0542,0.94,0.914,0.156,5QPMaZZrFpFjNmY8Kchtwv,1Rj92hyXm3WjpOJI8XgYtF
0.615,0.145,0.0711,0.454,0.173,0.57,4bqUV2fLvIrxl3QsMfF2YV,1Rj92hyXm3WjpOJI8XgYtF
0.609,0.117,0.0385,0.97,0.865,0.548,1DqkHQZmfX0QhwOaUcswke,1Rj92hyXm3WjpOJI8XgYtF
0.313,0.222,0.0339,0.936,0.00349,0.449,0so56nOAJX7vllAvyKqkuR,1Rj92hyXm3WjpOJI8XgYtF
0.511,0.558,0.0364,0.435,0.11,0.383,760RjotCQFgIZybAmJc7sk,1Rj92hyXm3WjpOJI8XgYtF
0.575,0.227,0.0266,0.791,1.9e-05,0.255,2wle68grZ1AJCUd4qphfO0,1Rj92hyXm3WjpOJI8XgYtF
0.421,0.145,0.0649,0.93,0.0032,0.114,5ppXL59aLDza5z6N5Ygrh7,1Rj92hyXm3WjpOJI8XgYtF
0.41,0.413,0.0381,0.536,0.386,0.482,7jSJJgyrVrZ5TLzr0U64Al,1Rj92hyXm3WjpOJI8XgYtF
0.757,0.217,0.0436,0.947,0.927,0.636,6QQF6ndgVFDlq17STtXMpg,1Rj92hyXm3WjpOJI8XgYtF
0.548,0.407,0.0451,0.796,6.55e-06,0.382,1k8Llj8H4tRaSkxMXIv9Xt,1Rj92hyXm3WjpOJI8XgYtF
0.533,0.374,0.0372,0.817,0.000163,0.446,087IfhBNRDZvXs3aQ7pBix,1Rj92hyXm3WjpOJI8XgYtF
0.405,0.297,0.0331,0.616,5.12e-05,0.396,08NzuqvBLEFiTNH7A8H2FM,1Rj92hyXm3WjpOJI8XgYtF
0.75,0.281,0.28,0.734,0.0,0.689,6YWBJwGro1MUbGkTZA8fu1,1Rj92hyXm3WjpOJI8XgYtF
0.819,0.329,0.045,0.617,0.335,0.467,5jPwmPAbokGWjARVK1yogH,1Rj92hyXm3WjpOJI8XgYtF
0.808,0.3,0.0923,0.949,0.695,0.82,3UNzXaumNWYt4tLI0Bac5M,1Rj92hyXm3WjpOJI8XgYtF
0.622,0.187,0.0435,0.86,0.359,0.35,3SxUXRwjXUaZFwSeaFYkXP,1Rj92hyXm3WjpOJI8XgYtF
0.655,0.328,0.0388,0.296,0.951,0.84,082jul3lrds2dBlZ0fHlj5,1Rj92hyXm3WjpOJI8XgYtF
0.396,0.514,0.037,0.342,0.00179,0.851,3gkGNI7yQZGyU656u8O6Jl,1Rj92hyXm3WjpOJI8XgYtF
0.822,0.183,0.0507,0.926,0.345,0.813,3IGMHWUj5z6YO1CjhrZx3j,1Rj92hyXm3WjpOJI8XgYtF
0.508,0.28,0.0357,0.589,0.796,0.421,0GQv7MQudLwIIHMLY3A6hv,1Rj92hyXm3WjpOJI8XgYtF
0.501,0.146,0.0404,0.967,0.914,0.321,6PwwKrrKA36UhJMXdI0xYE,1Rj92hyXm3WjpOJI8XgYtF
0.795,0.542,0.0257,0.413,0.000236,0.762,2qU5cw9HCebw8D4Wd8rnJK,1Rj92hyXm3WjpOJI8XgYtF
0.699,0.64,0.195,0.717,0.332,0.568,15CzjXn5GMZmkO6JUO1XoM,1Rj92hyXm3WjpOJI8XgYtF
0.652,0.365,0.245,0.812,0.0,0.723,4QoVngn14AtM7pjWKp8Yx2,1Rj92hyXm3WjpOJI8XgYtF
0.586,0.223,0.0983,0.804,0.846,0.728,2TIojWCyqe473gKRno9iR3,1Rj92hyXm3WjpOJI8XgYtF
0.566,0.341,0.0614,0.486,0.000162,0.5,3CbAGTIS9dlnUwpxcgekjo,1Rj92hyXm3WjpOJI8XgYtF
0.647,0.276,0.0613,0.873,3.81e-06,0.156,5Z0jy7ILAwaz3xyANDkAK9,1Rj92hyXm3WjpOJI8XgYtF
0.708,0.524,0.0802,0.896,0.773,0.708,2jM50vDXC6No6GV5bQQCMx,1Rj92hyXm3WjpOJI8XgYtF
0.643,0.178,0.0391,0.845,0.0,0.177,5mbqG4EFnjLpE67mxl7M7f,1Rj92hyXm3WjpOJI8XgYtF
0.584,0.197,0.0435,0.842,0.886,0.489,4KZ48H8j3tnb0xof0Lgtay,1Rj92hyXm3WjpOJI8XgYtF
0.84,0.382,0.0401,0.687,1.04e-05,0.658,4JSCQSlNtHiMYFZti6c3TH,1Rj92hyXm3WjpOJI8XgYtF
0.676,0.528,0.0398,0.791,1.07e-06,0.672,7gJE0D1e4xEVehrisoc4Vp,1Rj92hyXm3WjpOJI8XgYtF
0.757,0.241,0.0508,0.844,0.0329,0.465,02HLcpKBO7yfdz5sUH85rz,1Rj92hyXm3WjpOJI8XgYtF
0.83,0.288,0.1,0.958,0.555,0.867,4X5fkuK8fbrlUARtdxbD2h,1Rj92hyXm3WjpOJI8XgYtF
0.642,0.317,0.0413,0.931,0.363,0.57,7c9vYlJ5NeMsz7oO2XzHlE,1Rj92hyXm3WjpOJI8XgYtF
0.838,0.451,0.0373,0.557,4.83e-05,0.9,5kM6KAZN9dY3C0J41p0adu,1Rj92hyXm3WjpOJI8XgYtF
0.603,0.306,0.0368,0.952,0.401,0.583,5br95YIsaIXtyP3g4R8H5L,1Rj92hyXm3WjpOJI8XgYtF
0.443,0.0937,0.0318,0.971,0.935,0.181,3GO9yRvzJYboeMvC1S7pKu,1Rj92hyXm3WjpOJI8XgYtF
0.845,0.278,0.0394,0.615,0.0117,0.676,4OUvhPgcC9oCEIMx0zaZE6,1Rj92hyXm3WjpOJI8XgYtF
0.553,0.303,0.0341,0.91,0.0422,0.351,0ClbuEWtbCKQPw4LTiiey5,1Rj92hyXm3WjpOJI8XgYtF
0.775,0.317,0.0899,0.685,0.000495,0.433,0AewxYfSDOcWieNHsrs4mM,1Rj92hyXm3WjpOJI8XgYtF
0.483,0.279,0.0434,0.62,0.000692,0.579,5vdtg8NMYxb3vJBt3mOyrp,1Rj92hyXm3WjpOJI8XgYtF
0.513,0.254,0.0443,0.816,0.453,0.629,2UTo8nJQCEswhtwdxTo2ql,1Rj92hyXm3WjpOJI8XgYtF
0.59,0.0938,0.0486,0.936,0.847,0.146,47OXFFVoN4Du1HFd6cdRK6,1Rj92hyXm3WjpOJI8XgYtF
0.464,0.577,0.0254,0.399,0.0087,0.498,1XFwBw4VS9iY6PIxVLIXvE,1Rj92hyXm3WjpOJI8XgYtF
0.808,0.549,0.045,0.508,0.000969,0.871,4azQ6Iv4bQhleEcqs3hHnO,1Rj92hyXm3WjpOJI8XgYtF
0.747,0.438,0.0968,0.525,7.81e-05,0.577,0CQPm1jBY3kSxNu3URGdxj,1Rj92hyXm3WjpOJI8XgYtF
0.377,0.247,0.0418,0.0472,0.441,0.153,2fxpCeuENbtD7jidcNfjgk,1Rj92hyXm3WjpOJI8XgYtF
0.719,0.414,0.0364,0.404,0.0,0.63,7iknbZMGkxuP0QtmHYcNny,1Rj92hyXm3WjpOJI8XgYtF
0.514,0.237,0.0493,0.874,0.0,0.671,0lUu6AmO8VJStrwJm6Bsk9,1Rj92hyXm3WjpOJI8XgYtF
0.593,0.383,0.0358,0.924,0.872,0.867,6xh6JRgxGoyIc3ABs7QGKP,1Rj92hyXm3WjpOJI8XgYtF
0.412,0.401,0.0854,0.736,0.000285,0.507,4WE4jVtX4ZvN4IiJdFfkzc,1Rj92hyXm3WjpOJI8XgYtF
0.584,0.358,0.0672,0.399,2.35e-05,0.502,4YIFuyQG6SssLqne90fDUA,1Rj92hyXm3WjpOJI8XgYtF
0.422,0.484,0.0475,0.722,0.15,0.869,6GyO8q7ZfE0FStikMgtbGf,1Rj92hyXm3WjpOJI8XgYtF
0.611,0.459,0.0302,0.766,0.0169,0.787,0maLzyyoIFJiyuXz494Vdb,1Rj92hyXm3WjpOJI8XgYtF
0.726,0.296,0.056,0.812,0.105,0.753,4Uz05cSHe3pOdhpam7slf8,1Rj92hyXm3WjpOJI8XgYtF
0.72,0.396,0.0803,0.721,0.168,0.637,1t5DfKC3w9rKqhWGONWL74,1Rj92hyXm3WjpOJI8XgYtF
0.708,0.166,0.0994,0.99,0.889,0.826,1N1vQ5dBzlHHHgH98XUgBc,1Rj92hyXm3WjpOJI8XgYtF
0.66,0.377,0.132,0.899,0.0,0.837,7Mtvbwf3xDLaGP8mLvrCnO,1Rj92hyXm3WjpOJI8XgYtF
0.362,0.304,0.0853,0.497,0.0,0.883,2lqyKT4Lt1AzsjwjOWfoOu,1Rj92hyXm3WjpOJI8XgYtF
0.538,0.355,0.0689,0.884,0.564,0.6,7lO7qbUIy6E1FNJxkh1ft2,1Rj92hyXm3WjpOJI8XgYtF
0.695,0.116,0.0588,0.877,0.137,0.697,714KravY8rotmpYqgx594j,1Rj92hyXm3WjpOJI8XgYtF
0.63,0.383,0.0555,0.787,2.16e-05,0.68,6wke1L2FCXLZ6HJ7k3sufr,1Rj92hyXm3WjpOJI8XgYtF
0.524,0.0479,0.0432,0.884,0.0,0.542,6SBzX5MiNBYD2wtjPO6S4b,1Rj92hyXm3WjpOJI8XgYtF
0.62,0.385,0.053,0.815,0.0,0.642,6GeAqRxT7MuzHCrWCyrDfF,1Rj92hyXm3WjpOJI8XgYtF
0.653,0.2,0.044,0.906,0.00276,0.319,5PcCSUGriuhWuyyWxuBnnM,1Rj92hyXm3WjpOJI8XgYtF
0.744,0.44,0.0276,0.689,8.17e-05,0.551,2snlzszu78Vhi5K6Q1G2dv,1Rj92hyXm3WjpOJI8XgYtF
0.753,0.314,0.0265,0.849,0.0157,0.396,5BSrJwLRF1eZr12BCVtH4B,1Rj92hyXm3WjpOJI8XgYtF
0.615,0.459,0.0313,0.712,0.00208,0.457,4EtULbS8K8zZ3apaEX36oI,1Rj92hyXm3WjpOJI8XgYtF
0.736,0.386,0.0343,0.879,0.00788,0.5,4Ee7XJ0Yk12BnoD2wRjSjD,1Rj92hyXm3WjpOJI8XgYtF
0.569,0.25,0.031,0.907,0.0,0.444,0wW4zBwe5x1H2ix5yTY7ts,1Rj92hyXm3WjpOJI8XgYtF
0.736,0.477,0.0342,0.747,0.000113,0.412,4FVo8K65l8KPa7vq1mSNuD,1Rj92hyXm3WjpOJI8XgYtF
0.62,0.453,0.0379,0.692,0.000159,0.382,2XGJx6KgySX7kGoR0X2gBD,1Rj92hyXm3WjpOJI8XgYtF
0.767,0.486,0.0382,0.312,0.0124,0.846,2oKRtzgqTB1US13YRiX9Yx,1Rj92hyXm3WjpOJI8XgYtF
0.504,0.44,0.0549,0.586,0.000647,0.0411,5vTH2tNOBAR7TEq8UuCGq9,1Rj92hyXm3WjpOJI8XgYtF
0.821,0.509,0.0547,0.795,0.00402,0.906,1es0Xtfz3fvpVs4PBkCyrv,1Rj92hyXm3WjpOJI8XgYtF
0.756,0.52,0.0819,0.761,1.08e-05,0.713,5x9AeXK7lyWSnXrJuS2Tw0,1Rj92hyXm3WjpOJI8XgYtF
0.804,0.327,0.0419,0.916,0.817,0.65,7c6hCUqol6FKnCIcgj9zcb,1Rj92hyXm3WjpOJI8XgYtF
0.661,0.437,0.0652,0.84,0.0,0.454,3SQLe2ciWCFnaGCw6ONUk9,1Rj92hyXm3WjpOJI8XgYtF
0.633,0.51,0.0379,0.401,9.01e-06,0.443,5a8Gbc6wJyoRvJFRXYj4VZ,1Rj92hyXm3WjpOJI8XgYtF
0.668,0.306,0.128,0.691,0.0,0.404,73CFTHbm3p3sBXOCmkgRH7,1Rj92hyXm3WjpOJI8XgYtF
0.762,0.468,0.0354,0.381,0.000195,0.377,7m6JKSr73sUFFdPwVEtSIr,1Rj92hyXm3WjpOJI8XgYtF
0.364,0.283,0.0323,0.432,0.782,0.251,4nvekbHkuEZO9KaaEWtSkA,1Rj92hyXm3WjpOJI8XgYtF
0.749,0.641,0.0316,0.174,0.11,0.83,0cPGZd1HgsqjdiS6KJ0M0o,1Rj92hyXm3WjpOJI8XgYtF
0.728,0.627,0.0434,0.696,0.422,0.831,6fDatjd7d4RUOQvrpNTsly,1Rj92hyXm3WjpOJI8XgYtF
0.6,0.734,0.033,0.13,0.389,0.704,2XHtVfDTjcslZgtDlra3Le,1Rj92hyXm3WjpOJI8XgYtF
0.582,0.882,0.0672,0.238,0.000329,0.649,0iuGfo1JOsr4Yx139cxA0B,1Rj92hyXm3WjpOJI8XgYtF
0.612,0.603,0.0296,0.0819,0.963,0.506,32lWpmJBCQO0v8hGpSsYyS,1Rj92hyXm3WjpOJI8XgYtF
0.652,0.686,0.0353,0.425,0.0493,0.766,3ZcGH8u2U0SyHuOfBIr1M7,1Rj92hyXm3WjpOJI8XgYtF
0.519,0.474,0.0484,0.949,0.633,0.155,3QKKk5ItoyKlKbulJIBNlO,1Rj92hyXm3WjpOJI8XgYtF
0.461,0.169,0.0312,0.77,0.00645,0.336,1FWwe2moqU4b6cgR5iL0Fl,1Rj92hyXm3WjpOJI8XgYtF
0.747,0.535,0.0321,0.392,0.0182,0.887,1utTbh1Ar4MVKBawDoZIo3,1Rj92hyXm3WjpOJI8XgYtF
0.467,0.262,0.0278,0.618,0.00117,0.399,2AJOAZVVfKgjfFiJxcD3nr,1Rj92hyXm3WjpOJI8XgYtF
0.709,0.273,0.0366,0.864,0.36,0.31,7o7ZMhEbalP5EOB2kZUonE,1Rj92hyXm3WjpOJI8XgYtF
0.732,0.381,0.0383,0.584,0.27,0.518,4gvyY6k04a2vZ8gFOAM6nW,1Rj92hyXm3WjpOJI8XgYtF
0.68,0.398,0.0342,0.703,0.00673,0.616,7n4OkdbYC9OSzML2GYbuPf,1Rj92hyXm3WjpOJI8XgYtF
0.76,0.675,0.0375,0.47,0.0125,0.769,7wMkFxX0rozZ6aNogp6hpT,1Rj92hyXm3WjpOJI8XgYtF
0.73,0.583,0.0393,0.673,0.573,0.823,2obHPcttaHwSCiYPwwdt3u,1Rj92hyXm3WjpOJI8XgYtF
0.659,0.591,0.0328,0.463,1.11e-06,0.398,6I12SkknCs63kSBVCtiZEK,1Rj92hyXm3WjpOJI8XgYtF
0.586,0.498,0.0457,0.281,0.00162,0.358,6nq8mMlQ2RKpG4SmqziE3j,1Rj92hyXm3WjpOJI8XgYtF
0.841,0.451,0.0605,0.000574,0.741,0.965,1eEFIerTC4LIIOO9hlXILG,1Rj92hyXm3WjpOJI8XgYtF
0.611,0.453,0.0299,0.808,2.13e-06,0.813,1wjbOGf0MQvLtILfNZCqhy,1Rj92hyXm3WjpOJI8XgYtF
0.689,0.152,0.0308,0.834,1.8e-06,0.202,700r0pgeOxHwgyOCGpZRet,1Rj92hyXm3WjpOJI8XgYtF
0.847,0.436,0.0644,0.719,0.00525,0.73,1j59yuG8hDx8FTfI0j79kB,1Rj92hyXm3WjpOJI8XgYtF
0.843,0.501,0.0904,0.815,0.618,0.621,0dNpnqNn3q0tz2HP9ADZOC,1Rj92hyXm3WjpOJI8XgYtF
0.511,0.246,0.0661,0.919,0.0104,0.415,5OYofWmgGb1gTpBvrsIKnP,1Rj92hyXm3WjpOJI8XgYtF
0.603,0.337,0.0407,0.926,0.628,0.503,6E94LmsXyY1fYXK6RUWNDD,1Rj92hyXm3WjpOJI8XgYtF
0.787,0.433,0.0402,0.808,0.00115,0.326,70tJdHAP7tyf7fdIQTz4n6,1Rj92hyXm3WjpOJI8XgYtF
0.647,0.389,0.0363,0.323,0.000148,0.329,2yHTFqjyTh32XPddASX3sV,1Rj92hyXm3WjpOJI8XgYtF
0.812,0.286,0.0578,0.636,2.94e-06,0.657,2axkv1luWg7dlkhSEwWu4h,1Rj92hyXm3WjpOJI8XgYtF
0.605,0.421,0.0388,0.198,0.0262,0.439,178sTaaepzrXGHIsu3zUc2,1Rj92hyXm3WjpOJI8XgYtF
0.754,0.25,0.31,0.834,4.05e-05,0.626,1byRH2lhMVvcvkZTDA9x3n,1Rj92hyXm3WjpOJI8XgYtF
0.659,0.189,0.0448,0.958,0.878,0.531,5ilICtOXgN6RkWZxS9rZQJ,1Rj92hyXm3WjpOJI8XgYtF
0.814,0.494,0.0495,0.798,0.744,0.661,1EFTETcBSGr05Ox1bYQCig,1Rj92hyXm3WjpOJI8XgYtF
0.711,0.376,0.0415,0.511,0.00239,0.409,02JUkXYxOQyCc5l2yu9jff,1Rj92hyXm3WjpOJI8XgYtF
0.72,0.195,0.0454,0.964,0.00877,0.526,4RHIVcVNi9Yf1LMaFmDkQL,1Rj92hyXm3WjpOJI8XgYtF
0.784,0.487,0.0427,0.541,1.2e-05,0.242,3Nx0tpFFwD0xdw424rhhfN,1Rj92hyXm3WjpOJI8XgYtF
0.642,0.62,0.0278,0.428,7.27e-05,0.62,4hAf5X3ipVE60FAYdZhR1G,1Rj92hyXm3WjpOJI8XgYtF
0.75,0.6,0.0321,0.217,0.000359,0.941,0HXkasFQvPSs4LAZvpgErW,1Rj92hyXm3WjpOJI8XgYtF
0.565,0.351,0.0418,0.495,0.565,0.248,5aAHHNcoXd1SrF5MnbKP2k,1Rj92hyXm3WjpOJI8XgYtF
0.549,0.28,0.0596,0.893,0.00194,0.652,4pFS5ZCUOE8FUtJ22U58R7,1Rj92hyXm3WjpOJI8XgYtF
0.732,0.716,0.12,0.413,0.000138,0.779,50X20GwwXIE8W0GpcVEUhY,1Rj92hyXm3WjpOJI8XgYtF
0.819,0.302,0.035,0.648,2.79e-05,0.458,0V8HrsBnAot3selGWWh8wg,1Rj92hyXm3WjpOJI8XgYtF
0.761,0.567,0.0266,0.687,7.48e-06,0.837,1Tgq3qF2YVDOPkAxezOZjG,1Rj92hyXm3WjpOJI8XgYtF
0.621,0.156,0.0359,0.965,0.0279,0.364,2ZZPjQnmSZBgAih0kGfboR,1Rj92hyXm3WjpOJI8XgYtF
0.422,0.151,0.0402,0.905,1.65e-05,0.14,5W2MAXpNlnEMqAyqtfzOTP,1Rj92hyXm3WjpOJI8XgYtF
0.538,0.205,0.0957,0.938,6.04e-06,0.34,5vMUYfXx6P6HmzupRRPyuP,1Rj92hyXm3WjpOJI8XgYtF
0.574,0.413,0.0461,0.921,0.0107,0.265,7ImJOBYCK6zt8AEZWmXRfH,1Rj92hyXm3WjpOJI8XgYtF
0.502,0.226,0.0364,0.943,3.64e-06,0.266,5zmRnxJCiY2kqrWd28bBnd,1Rj92hyXm3WjpOJI8XgYtF
0.392,0.226,0.0372,0.9,0.0,0.499,4KFYXgFJlXFZXyNF3Bpo03,1Rj92hyXm3WjpOJI8XgYtF
0.658,0.702,0.0411,0.282,0.00565,0.416,6lLLyBFUhswXFlEYEP7kFz,1Rj92hyXm3WjpOJI8XgYtF
0.721,0.675,0.0314,0.3,3.06e-05,0.856,6MRFVyUE36WEuz1qLG492I,1Rj92hyXm3WjpOJI8XgYtF
0.435,0.614,0.0448,0.761,9.22e-05,0.376,416pK3e4noKGynYRvbB7nc,1Rj92hyXm3WjpOJI8XgYtF
0.452,0.58,0.0801,0.82,0.00481,0.145,4GvN60MOPsAcLJkduwwJrt,1Rj92hyXm3WjpOJI8XgYtF
0.805,0.307,0.0463,0.792,0.612,0.547,45gpJxviKRBsQo1lDZ03Xf,1Rj92hyXm3WjpOJI8XgYtF
0.708,0.452,0.058,0.822,0.00138,0.751,67VwGLTsnozbegaa9RahVJ,1Rj92hyXm3WjpOJI8XgYtF
0.476,0.381,0.0456,0.846,0.0804,0.729,3uLV311pq2SRLKbiV8oA64,1Rj92hyXm3WjpOJI8XgYtF
0.596,0.502,0.0302,0.919,0.898,0.698,3bXcDf4qexhguzpvOgV8yL,1Rj92hyXm3WjpOJI8XgYtF
0.726,0.412,0.0385,0.823,0.879,0.639,7fPHlQGsVtfOyVU3hQnrYU,1Rj92hyXm3WjpOJI8XgYtF
0.709,0.459,0.0457,0.938,0.924,0.699,1FrNj1WGpegtUf4k3n1BGq,1Rj92hyXm3WjpOJI8XgYtF
0.683,0.482,0.0477,0.877,0.838,0.603,2AK6rhPwY3kgaGDegGrS2T,1Rj92hyXm3WjpOJI8XgYtF
0.556,0.371,0.0341,0.763,4.46e-06,0.464,6gTw2UNuv7p1ntGWTQtqlv,1Rj92hyXm3WjpOJI8XgYtF
0.706,0.231,0.114,0.693,0.799,0.902,0UtN7HqCFxL3VYJwmNQ3M2,1Rj92hyXm3WjpOJI8XgYtF
0.733,0.166,0.038,0.868,0.795,0.429,6GUkgL6WBxqUaF8jQQhS6l,1Rj92hyXm3WjpOJI8XgYtF
0.781,0.461,0.0909,0.608,0.896,0.827,5XQmMTbYKRz5441LUtB3RH,1Rj92hyXm3WjpOJI8XgYtF
0.57,0.413,0.0471,0.846,0.853,0.753,7ra5LIcHlKI4QnGzaWV9eK,1Rj92hyXm3WjpOJI8XgYtF
0.574,0.413,0.0461,0.921,0.0107,0.265,6WSG5uU6fACKJJWktjW2hd,1Rj92hyXm3WjpOJI8XgYtF
0.796,0.389,0.049,0.873,0.88,0.868,45dWo3EDT4B2pRii7Qg9eq,1Rj92hyXm3WjpOJI8XgYtF
0.601,0.241,0.0391,0.843,0.0175,0.244,7EqNQesWLU5NSxVplKoK1b,1Rj92hyXm3WjpOJI8XgYtF
0.573,0.269,0.0299,0.927,0.00866,0.403,6gaA4uU0pSgqukNIGVHZuC,1Rj92hyXm3WjpOJI8XgYtF
0.677,0.333,0.0738,0.931,0.82,0.804,1ajn0alF3RUq8qz4H9Rfz0,1Rj92hyXm3WjpOJI8XgYtF
0.747,0.362,0.0538,0.935,0.199,0.719,3ElE02I5lNr8BAKECanuQQ,1Rj92hyXm3WjpOJI8XgYtF
0.759,0.38,0.0422,0.932,0.449,0.769,4e9kKzkcLex8755gPqQOZR,1Rj92hyXm3WjpOJI8XgYtF
0.783,0.254,0.0555,0.974,0.917,0.663,60S8pDFv9AFgo3oGPpknWo,1Rj92hyXm3WjpOJI8XgYtF
0.684,0.438,0.0398,0.882,0.00291,0.795,5Nlkj7l3yW3bajDkCglGR8,1Rj92hyXm3WjpOJI8XgYtF
0.783,0.334,0.066,0.893,0.831,0.588,3oBd5LyXu64UGeZd5jOh5m,1Rj92hyXm3WjpOJI8XgYtF
0.575,0.447,0.0387,0.854,0.883,0.743,11n0cGKuHqRCV6wLp4jRhL,1Rj92hyXm3WjpOJI8XgYtF
0.562,0.681,0.0363,0.766,0.826,0.88,6HV3Ma60s7MHw9bNE1bjME,1Rj92hyXm3WjpOJI8XgYtF
0.323,0.118,0.0449,0.195,0.694,0.0747,7JMkZWB40pcmq8G7kTsbcB,1Rj92hyXm3WjpOJI8XgYtF
0.793,0.715,0.0472,0.31,0.000371,0.744,5zXz4zl5CtQ9WUFXvgnKM0,1Rj92hyXm3WjpOJI8XgYtF
0.795,0.555,0.0486,0.748,0.74,0.975,0HQmv3wmhOXZNA8DHsnWk6,1Rj92hyXm3WjpOJI8XgYtF
0.541,0.395,0.0468,0.537,0.85,0.746,1WmpvuXa2m0f5rTvu3pTeX,1Rj92hyXm3WjpOJI8XgYtF
0.645,0.469,0.043,0.945,0.894,0.862,6c6Qx9NDYN0Z2ihDslJjZT,1Rj92hyXm3WjpOJI8XgYtF
0.716,0.409,0.0307,0.818,0.0,0.726,5fgMIMbLLZC9Imj9lkHoNT,1Rj92hyXm3WjpOJI8XgYtF
0.752,0.272,0.0351,0.94,0.657,0.395,2BzTcr3W4Rd8QgkIqJCgIZ,1Rj92hyXm3WjpOJI8XgYtF
0.698,0.344,0.0574,0.933,0.129,0.743,4j4opYkx60iq0209k7kyXj,1Rj92hyXm3WjpOJI8XgYtF
0.896,0.507,0.0386,0.669,0.778,0.83,6X9k283SywFCA33UpjTa6o,1Rj92hyXm3WjpOJI8XgYtF
0.739,0.562,0.0551,0.337,0.105,0.871,4B3qPzkogRUb14BrabArSS,1Rj92hyXm3WjpOJI8XgYtF
0.699,0.264,0.0296,0.658,8.98e-06,0.163,7jkY5sOlk6adoP6hBr1FRe,1Rj92hyXm3WjpOJI8XgYtF
0.549,0.489,0.0324,0.911,0.0,0.197,7c8lTKwWlTtzc9XG4zstJW,1Rj92hyXm3WjpOJI8XgYtF
0.587,0.365,0.038,0.943,0.932,0.496,27dVsa0UMbppfCq5ya0mMR,1Rj92hyXm3WjpOJI8XgYtF
0.496,0.135,0.0394,0.888,0.934,0.379,2PI6hX0mcyyBOYsVjYYuCL,1Rj92hyXm3WjpOJI8XgYtF
0.826,0.412,0.0355,0.343,0.235,0.883,37YZtV3cAWoKYRULgcIRxB,1Rj92hyXm3WjpOJI8XgYtF
0.572,0.308,0.0433,0.116,0.0249,0.253,0x4apd0yJVkvU7h4JB7a2i,1Rj92hyXm3WjpOJI8XgYtF
